"Timestamp","Birthday (MM/DD)","Age Range","Education Level","Current 5 Digit Zip Code","Self Identified Ethnicity","Self-Identified Gender","Self-Identified Sexual Orientation","Employment Information (Industry)","Employment Information (Role)","Do you know the Host(s)? ","Which host have you known the longest?","If yes, how well do you know them?","Your General Interests (Choose 3)","Music Preference ","Current Favorite Artist","Name one song you want to hear at the party.","Recent purchase youâ€™re most happy about","  At your worst you areâ€¦  ","Which best describes your general social stance?","Zodiac Sign","Screen Name","UID","Checked-In","Check-in Time","PHOTO_URL_COL"
"Mon Sep 08 2025 13:58:23 GMT-0500 (Central Daylight Time)","05/18","30-34","Some College","64110","White","Man","Gay","Finance / Business Services","Operations / Admin / Support","Yes â€” more than 10 years","Michael","5","Music, Fitness, Gaming, Cooking, Fashion, Travel, Art/Design","R&B","SZA","No Broke Boys - Bumma Summa","Tech gadget","Stubborn","5","Taurus","fag","PS_438","","",""
"Mon Sep 08 2025 14:48:03 GMT-0500 (Central Daylight Time)","08/22","30-34","Some College","64111","White","Other","Gay","Trades / Manufacturing","Trades / Skilled Labor","Yes â€” 5â€“10 years","Equal","4","Music, Cooking, Fashion, Art/Design","Pop","Miley Cyrus ","Tears - SC","Pet item","Impulsive","4","Leo","HollowJack_127","HJ_127","","",""
"Mon Sep 08 2025 14:58:30 GMT-0500 (Central Daylight Time)","Tue Apr 29 2025 00:00:00 GMT-0500 (Central Daylight Time)","25-29","High School","64106","White","Woman","Pansexual","Trades / Manufacturing","Creative / Designer / Artist","Yes â€” 3â€“12 months","Equal","1","Music, Reading, Art/Design","Indie/Alt","Sublime","Digital love by daft punk","Home/Kitchen","Anxious","3","Taurus","CryptMuse_903","CM_903","","",""
"Mon Sep 08 2025 16:10:15 GMT-0500 (Central Daylight Time)","09/08","25-29","Masters & Above","64111","White","Woman","Bisexual","Education","Operations / Admin / Support","Yes â€” 1â€“3 years","Equal","5","Music, Fitness, Art/Design","Indie/Alt","Tyler, the Creator","Sugar on My Tongue AND Cooler Than Me by Mike Posner","Home/Kitchen","Overly critical","4","Virgo","GraveDancer_521","GD_521","","",""
"Mon Sep 08 2025 16:12:32 GMT-0500 (Central Daylight Time)","05/20","25-29","Some College","64111","Prefer not to say","Woman","Bisexual","Hospitality / Retail","Researcher / Scientist","Yes â€” 5â€“10 years","Jacob","5","Music, Gaming, Art/Design, Halloween orgy","Indie/Alt","Trophy wife","Sâ€™Cooled by Blood Orange","Fashion/Clothing","Jealous","3","Taurus","VelvetSpecter_664","VS_664","","",""
"Mon Sep 08 2025 16:12:48 GMT-0500 (Central Daylight Time)","10/27","25-29","Some College","64111","White","Woman","Bisexual","Hospitality / Retail","Manager / Supervisor","Yes â€” 1â€“3 years","Equal","5","Music, Cooking, Hiking/Outdoors","Indie/Alt","Big thief ","Good ones- Charli xcx","Fashion/Clothing","Anxious","3","Scorpio","MoonGhoul_208","MG_208","","",""
"Mon Sep 08 2025 16:13:29 GMT-0500 (Central Daylight Time)","04/16","25-29","Bachelors","64111","White","Woman","Bisexual","Arts & Entertainment","Creative / Designer / Artist","Yes â€” 1â€“3 years","Jacob","5","Music, Reading, Art/Design","Rock","bad bunny","hallelujah by rufus wainwright ","Fitness gear","Overly critical","2","Aries","SilentPumpkin_319","SP_319","","",""
"Mon Sep 08 2025 16:52:03 GMT-0500 (Central Daylight Time)","05/17","30-34","Bachelors","66215","White","Man","Straight / Heterosexual","Science / Research","Technical / Engineer / Developer","Yes â€” more than 10 years","Jacob","5","Music, Fitness, Gaming, Cooking, Reading, Hiking/Outdoors, Sports (general)","Prog Rock","Umphreys McGee","Booth Love - Umphreys Mcgee","Tech gadget","Self-conscious","4","Taurus","TwilightFang_861","TF_861","","",""
"Mon Sep 08 2025 16:56:39 GMT-0500 (Central Daylight Time)","10/25","30-34","Masters & Above","66215","White","Woman","Straight / Heterosexual","Trades / Manufacturing","Manager / Supervisor","Yes â€” 5â€“10 years","Jacob","4","Music, Cooking, Reading, Hiking/Outdoors, Travel, Art/Design","Indie/Alt","Bad Bunny","Eeeeeoooo","Home/Kitchen","Overly critical","2","Scorpio","WraithWhisper_447","WW_447","","",""
"Mon Sep 08 2025 19:01:19 GMT-0500 (Central Daylight Time)","10/07","30-34","Bachelors","64110","White","Man","Gay","Technology","Operations / Admin / Support","Yes â€” more than 10 years","Jacob","5","Music, Fitness, Gaming, Cooking, Reading, Art/Design","Indie/Alt","Glass animals ","","Course/App","Reckless","3","Libra","BoneWaltz_902","BW_902","","",""
"Mon Sep 08 2025 19:37:24 GMT-0500 (Central Daylight Time)","06/18","30-34","Masters & Above","64111","White","Woman","Bisexual","Healthcare","Manager / Supervisor","Yes â€” more than 10 years","Michael","5","Cooking, Reading, Travel","Pop","SZA","Bad Girls - M.I.A.","Home/Kitchen","Overly critical","4","Gemini","AshenWitch_532","AW_532","","",""
"Mon Sep 08 2025 19:50:08 GMT-0500 (Central Daylight Time)","06/02","25-29","Bachelors","64105","White","Man","Straight / Heterosexual","Science / Research","Manager / Supervisor","Yes â€” less than 3 months","Michael","1","Music, Hiking/Outdoors, Travel","Hip-hop","Mt. Joy","Childish Gambino - 3005","Home/Kitchen","Guarded","3","Gemini","EchoGhast_174","EG_174","","",""
"Mon Sep 08 2025 20:06:25 GMT-0500 (Central Daylight Time)","12/01","30-34","Masters & Above","64111","White","Man","Gay","Education","Manager / Supervisor","Yes â€” 1â€“3 years","Equal","3","Cooking, Fashion, Travel","Pop","Charli XCX","365","Course/App","Guarded","4","Sagittarius","BleedingCandle_786","BC_786","","",""
"Mon Sep 08 2025 21:53:06 GMT-0500 (Central Daylight Time)","03/22","30-34","Bachelors","64138","Black / African American","Man","Gay","Hospitality / Retail","Creative / Designer / Artist","Yes â€” 1â€“3 years","Equal","3","Cooking, Fashion, Art/Design","Pop","Beyonce","Honey by Mariah Carey","Fashion/Clothing","Reckless","4","Aries","WidowHowl_441","WH_441","","",""
"Mon Sep 08 2025 21:53:47 GMT-0500 (Central Daylight Time)","12/03","30-34","Some College","64111","Mixed / Multiracial","Woman","Straight / Heterosexual","Arts & Entertainment","Creative / Designer / Artist","Yes â€” 1â€“3 years","Equal","3","Cooking, Sports (general), Art/Design","Electronic","Tom Misch","Fake ID (Coke and Rum Remix)","Tech gadget","Guarded","4","Sagittarius","NocturneCrow_319","NC_319","","",""
"Tue Sep 09 2025 06:46:18 GMT-0500 (Central Daylight Time)","09/13","30-34","Bachelors","64106","White","Man","Gay","Hospitality / Retail","Manager / Supervisor","Yes â€” 3â€“5 years","Equal","3","Music, Photography, Fashion, Travel, Art/Design","Pop","Ariana Grande","Jump - Blackpink","Fashion/Clothing","Jealous","3","Virgo","SableGhost_770","SG_770","","",""
"Tue Sep 09 2025 14:00:33 GMT-0500 (Central Daylight Time)","04/06","21-24","Associates","64050","White","Woman","Straight / Heterosexual","Healthcare","Student / Trainee","Yes â€” 1â€“3 years","Jacob","4","Fashion, Travel, Volunteering","Indie/Alt","Wallows","","Home/Kitchen","Impulsive","2","Aries","RottenHalo_245","RH_245","","",""
"Tue Sep 09 2025 14:14:50 GMT-0500 (Central Daylight Time)","03/04","21-24","High School","64155","White","Woman","Bisexual","Finance / Business Services","Educator / Instructor","Yes â€” more than 10 years","Michael","5","Music, Cooking, Art/Design","Pop","Sabrina Carpenter","Tears by Sabrina Carpenter","Fashion/Clothing","Anxious","3","Pisces","DuskTalon_907","DT_907","","",""
"Tue Sep 09 2025 15:02:12 GMT-0500 (Central Daylight Time)","07/10","25-29","Some College","64150","White","Man","Straight / Heterosexual","Healthcare","Healthcare / Service Provider","No","Jacob","1","Gaming, Travel, Health Sciences","2008 emo shit","N/A","","Fashion/Clothing","Reckless","3","Cancer","PaleMoth_114","PM_114","","",""
"Tue Sep 09 2025 18:05:28 GMT-0500 (Central Daylight Time)","01/12","30-34","Bachelors","64108","White","Woman","Straight / Heterosexual","Finance / Business Services","Manager / Supervisor","Yes â€” 5â€“10 years","Michael","5","Music, Reading, Travel, TikTok (watching) ","A mix of all ","Hot Mulligan ","10 drunk cigarettes ","Home/Kitchen","Anxious","2","Capricorn","MarrowBloom_388","MB_388","","",""
"Tue Sep 09 2025 22:07:35 GMT-0500 (Central Daylight Time)","02/21","30-34","Some College","66202","Black / African American","Man","Gay","Finance / Business Services","Operations / Admin / Support","Yes â€” 5â€“10 years","Jacob","5","Music, Reading, Fashion","Pop","BeyoncÃ©","The dead dance by lady Gaga","Fashion/Clothing","Reckless","4","Pisces","SinisterMoon_670","SM_670","","",""
"Sat Sep 13 2025 00:10:57 GMT-0500 (Central Daylight Time)","04/25","25-29","Bachelors","64138","White","Woman","Straight / Heterosexual","Finance / Business Services","Healthcare / Service Provider","Yes â€” 1â€“3 years","Equal","3","Music, Cooking, Sports (general)","Hip-hop","any 90/00â€™s","lollipop - lil wayne","Pet item","Anxious","3","Taurus","HallowVine_933","HV_933","","",""
"Sat Sep 13 2025 09:53:05 GMT-0500 (Central Daylight Time)","06/09","21-24","High School","64155","White","Man","Straight / Heterosexual","Trades / Manufacturing","Trades / Skilled Labor","Yes â€” 5â€“10 years","Michael","5","Music, Gaming, Hiking/Outdoors","Electronic","Jkyl & Hyde","","Home/Kitchen","Anxious","3","Gemini","FrostCrypt_267","FC_267","","",""
"Thu Sep 18 2025 00:12:54 GMT-0500 (Central Daylight Time)","10/28","30-34","Bachelors","64111","White","Woman","Other","Government / Military","Manager / Supervisor","Yes â€” 5â€“10 years","Michael","4","Cooking, Travel, Frying oil ","Pop + indie/alt. Based on mental health/situation.","Charli xcx (manic/lucid); phoebe bridgers (depressed/lucid)","Sandy Remix","Fashion/Clothing","Overly critical","2","Scorpio","LanternMist_822","LM_822","","",""
"Sat Sep 20 2025 15:12:37 GMT-0500 (Central Daylight Time)","11/11","30-34","Masters & Above","64152","White","Man","Gay","Healthcare","Sales / Marketing / Business Development","Yes â€” 5â€“10 years","Michael","5","Music, Fitness, Travel","Pop","All","Any","Home/Kitchen","Distracted","4","Scorpio","HollowChime_551","HC_551","","",""
"Tue Sep 23 2025 16:02:00 GMT-0500 (Central Daylight Time)","06/20","25-29","Some College","64103","White","Man","Gay","Hospitality / Retail","Operations / Admin / Support","Yes â€” 5â€“10 years","Jacob","4","Music, Cooking, Photography, Fashion, Art/Design","Indie/Alt","Blood orange ","Donâ€™t forget the Kisses by wolf Alice ","Fashion/Clothing","Anxious","4","Gemini","EmberSpook_149","ES_149","","",""
"Wed Sep 24 2025 08:35:15 GMT-0500 (Central Daylight Time)","Thu Nov 20 2025 00:00:00 GMT-0600 (Central Standard Time)","25-29","Some College","64111","White","Woman","Straight / Heterosexual","Finance / Business Services","Sales / Marketing / Business Development","Yes â€” 3â€“5 years","Equal","4","Music, Fitness, Gaming, Cooking","Indie/Alt","Dixie Chicks","","Fashion/Clothing","Reckless","5","Scorpio","Batling_306","BA_306","","",""
"Wed Sep 24 2025 12:31:31 GMT-0500 (Central Daylight Time)","09/23","30-34","Bachelors","64131","White","Man","Gay","Hospitality / Retail","Manager / Supervisor","No","Do Not Know Them","","Music, Cooking, Reading, Hiking/Outdoors, Art/Design","Electronic","Barry Canâ€™t Swim ","","Tech gadget","Anxious","3","Libra","FeralPumpkin_875","FP_875","","",""
"Wed Sep 24 2025 12:57:57 GMT-0500 (Central Daylight Time)","Thu Jan 02 2025 00:00:00 GMT-0600 (Central Standard Time)","21-24","High School","64057","Not Listed","Man","Gay","Healthcare","Healthcare / Service Provider","No","Jacob","","Music, Cooking, Hiking/Outdoors","Hip-hop","Cardi B","Dead by Cardi B","Car/Motorcycle","Impulsive","5","Capricorn","ShadeSpinner_416","SS_416","","",""
"Wed Sep 24 2025 14:04:47 GMT-0500 (Central Daylight Time)","01/11","25-29","Some College","64110","White","Man","Gay","Finance / Business Services","Founder / Entrepreneur","Yes â€” 3â€“5 years","Michael","3","Music, Fitness, Cooking, Reading, Hiking/Outdoors, Photography, Travel, Art/Design","Pop","Raye ","Nissan Altima ","Fashion/Clothing","Anxious","4","Capricorn","IronSpecter_992","IS_992","","",""
"Thu Sep 25 2025 10:19:34 GMT-0500 (Central Daylight Time)","04/07","30-34","Some College","64131","White","Woman","Bisexual","Arts & Entertainment","Creative / Designer / Artist","Yes â€” 5â€“10 years","Equal","5","Music, Fashion, Art/Design","Pop","Doechii","The Entertainer","Fashion/Clothing","Impulsive","5","Aries","Witchling_380","WI_380","","",""
"Thu Sep 25 2025 22:43:07 GMT-0500 (Central Daylight Time)","03/16","30-34","High School","66202","White","Woman","Straight / Heterosexual","Hospitality / Retail","Trades / Skilled Labor","Yes â€” 5â€“10 years","Equal","4","Music, Fitness, Cooking, Hiking/Outdoors, Travel","Electronic","","","Pet item","Distracted","1","Pisces","MourningCrow_705","MC_705","","",""
"Fri Sep 26 2025 21:39:54 GMT-0500 (Central Daylight Time)","07/22","30-34","Masters & Above","66205","White","Woman","Straight / Heterosexual","Finance / Business Services","Manager / Supervisor","Yes â€” more than 10 years","Jacob","3","Music, Hiking/Outdoors, Sports (general), Travel","Country","Taylor swift ","Olivia dean ","Tech gadget","Anxious","4","Cancer","VoidRose_227","VR_227","","",""
"Fri Sep 26 2025 22:03:43 GMT-0500 (Central Daylight Time)","12/30","25-29","Bachelors","64119","White","Woman","Straight / Heterosexual","Healthcare","Healthcare / Service Provider","Yes â€” 5â€“10 years","Equal","3","Music, Reading, Sports (general)","Hip-hop","Billy Joel ","Itâ€™s still rock n roll to me","Fashion/Clothing","Impulsive","3","Capricorn","GloomPetal_188","GP_188","","",""
"Wed Oct 08 2025 17:34:56 GMT-0500 (Central Daylight Time)","02/18","30-34","Bachelors","64105","White","Man","Gay","Finance / Business Services","Sales / Marketing / Business Development","Yes â€” 1â€“3 years","Jacob","1","Music, Fashion, Art/Design","Pop","Regina Hardon","Iâ€™m easy to please. Anything works. ","Home/Kitchen","Self-conscious","2","Aquarius","JackOBlood_567","JB_567","","",""
"Fri Oct 10 2025 13:19:22 GMT-0500 (Central Daylight Time)","01/03","30-34","Bachelors","63104","White","Woman","Straight / Heterosexual","Finance / Business Services","Sales / Marketing / Business Development","Yes â€” 5â€“10 years","Jacob","4","Music, Cooking, Art/Design","I go all ways ","BANKS","The Macarena ","Home/Kitchen","Overly critical","4","Capricorn","LilithFog_933","LF_933","","",""
"Fri Oct 10 2025 15:57:08 GMT-0500 (Central Daylight Time)","05/03","25-29","Bachelors","64110","White","Man","Straight / Heterosexual","Technology","Sales / Marketing / Business Development","Yes â€” 1â€“3 years","Equal","3","Music, Gaming, Sports (general)","Pop","Magdalena Bay","Die Young by Kesha","Tech gadget","Anxious","4","Taurus","MoonMaggot_404","MM_404","","",""
"Fri Oct 10 2025 17:36:17 GMT-0500 (Central Daylight Time)","06/10","30-34","Associates","66227","Mixed / Multiracial","Man","Gay","Technology","Technical / Engineer / Developer","Yes â€” 1â€“3 years","Jacob","1","Music, Fitness, Gaming, Travel","Electronic","Martin Garrix","Gravity ","Tech gadget","Guarded","5","Gemini","CravenBloom_177","CB_177","","",""
"Sat Oct 11 2025 23:06:35 GMT-0500 (Central Daylight Time)","06/21","30-34","High School","64108","White","Woman","Straight / Heterosexual","Trades / Manufacturing","Creative / Designer / Artist","Yes â€” 3â€“5 years","Michael","5","Music, Fashion, Travel, Art/Design","Pop","","","Fashion/Clothing","Overly critical","4","Cancer","TombKiss_228","TM_228","","",""
"Wed Oct 15 2025 09:24:27 GMT-0500 (Central Daylight Time)","10/21","25-29","Some College","64111","White","Woman","Bisexual","Hospitality / Retail","Sales / Marketing / Business Development","Yes â€” 1â€“3 years","Equal","4","Music, Sports (general), Art/Design","Indie/Alt","Sombr","AAAHH MEN! Doja Cat","Fashion/Clothing","Reckless","4","Libra","ObsidianSoul_931","OS_931","","",""
"Wed Oct 15 2025 13:27:39 GMT-0500 (Central Daylight Time)","Fri May 16 2025 00:00:00 GMT-0500 (Central Daylight Time)","30-34","Bachelors","64109","White","Man","Gay","Healthcare","Founder / Entrepreneur","Yes â€” 1â€“3 years","Jacob","3","Music, Fitness, Hiking/Outdoors","Electronic","Doja cat","Fuck it up- disco lines, sidepiece & Mike sherm","Tech gadget","Distracted","4","Taurus","VexedLantern_603","VL_603","","",""
"Wed Oct 15 2025 18:07:27 GMT-0500 (Central Daylight Time)","11/03","30-34","Bachelors","64110","White","Man","Gay","Finance / Business Services","Operations / Admin / Support","Yes â€” 5â€“10 years","Jacob","3","Music, Hiking/Outdoors, Travel","Electronic","Pretty lights ","","Fashion/Clothing","Self-conscious","4","Scorpio","Duskwalker_224","DW_224","","",""
"Thu Oct 16 2025 16:42:25 GMT-0500 (Central Daylight Time)","Wed Mar 05 2025 00:00:00 GMT-0600 (Central Standard Time)","25-29","High School","64109","Mixed / Multiracial","Woman","Pansexual","Hospitality / Retail","Manager / Supervisor","Yes â€” more than 10 years","Jacob","5","Music, Gaming, Cooking, Hiking/Outdoors, Fashion","Indie/Alt","Ethel Cain ","Backstabber  Kesha ","Fashion/Clothing","Insecure","4","Pisces","CandleRot_556","CR_556","","",""
"Thu Oct 16 2025 17:17:56 GMT-0500 (Central Daylight Time)","11/05","25-29","Some College","63118","White","Woman","Bisexual","Hospitality / Retail","Creative / Designer / Artist","Yes â€” 3â€“5 years","Equal","3","Music, Gaming, Fashion, Travel, Art/Design","Rock","Pierce the veil","King for a day","Fashion/Clothing","Guarded","3","Scorpio","MortisLace_788","ML_788","","",""
"Thu Oct 16 2025 17:23:57 GMT-0500 (Central Daylight Time)","09/16","25-29","High School","63118","White","Man","Straight / Heterosexual","Hospitality / Retail","Sales / Marketing / Business Development","Yes â€” 1â€“3 years","Equal","2","Music, Fitness, Fashion, Art/Design, Cars","Hip-hop","Young Thug","Young Thug - Floyd Mayweather ","Car/Motorcycle","Stubborn","4","Virgo","RavenHaunt_366","RH_366","","",""
"Thu Oct 16 2025 17:39:22 GMT-0500 (Central Daylight Time)","Wed Jul 02 2025 00:00:00 GMT-0500 (Central Daylight Time)","25-29","Bachelors","66106","White","Man","Straight / Heterosexual","Arts & Entertainment","Creative / Designer / Artist","Yes â€” less than 3 months","Jacob","2","Music, Fitness, Gaming, Hiking/Outdoors, Photography, Travel, Art/Design, Volunteering","Indie/Alt","Frog","Dare - Gorillaz","Fashion/Clothing","Distracted","4","Cancer","WickedAsh_599","WA_599","","",""
"Thu Oct 16 2025 17:40:13 GMT-0500 (Central Daylight Time)","09/11","21-24","Bachelors","64110","Black / African American","Woman","Lesbian","Science / Research","Technical / Engineer / Developer","Yes â€” less than 3 months","Jacob","1","Hiking/Outdoors, Travel, Volunteering","Metal","Burial in the sky ","TGIF - GloRilla ","Home/Kitchen","Distracted","5","Virgo","SpiritLoom_948","SL_948","","",""
"Thu Oct 16 2025 18:06:49 GMT-0500 (Central Daylight Time)","Wed Sep 24 2025 00:00:00 GMT-0500 (Central Daylight Time)","25-29","High School","66118","White","Man","Straight / Heterosexual","Trades / Manufacturing","Sales / Marketing / Business Development","Yes â€” 3â€“5 years","Jacob","5","Photography, Sports (general), politics","no preference ","311","Beautiful Disaster","Fashion/Clothing","Jealous","4","Capricorn","CarvedSmile_814","CS_814","","",""
"Thu Oct 16 2025 18:50:36 GMT-0500 (Central Daylight Time)","Sat Sep 27 2025 00:00:00 GMT-0500 (Central Daylight Time)","21-24","Masters & Above","64117","White","Woman","Lesbian","Science / Research","Researcher / Scientist","No","Do Not Know Them","1","Music, Reading, Hiking/Outdoors","Indie/Alt","Lucy Dacus","Nice Mover - Gina X Performance","Fashion/Clothing","Anxious","4","Capricorn","BoneOrchid_181","BO_181","","",""
"Thu Oct 16 2025 20:24:10 GMT-0500 (Central Daylight Time)","06/18","25-29","Some College","66062","Mixed / Multiracial","Man","Straight / Heterosexual","Trades / Manufacturing","Trades / Skilled Labor","Yes â€” more than 10 years","Jacob","5","Music, Fitness, Gaming, Hiking/Outdoors, Art/Design","Indie/Alt","Movements","Oui","Tech gadget","Insecure","4","Gemini","UmbralFrost_298","UF_298","","",""
"Thu Oct 16 2025 20:52:00 GMT-0500 (Central Daylight Time)","Tue Jun 10 2025 00:00:00 GMT-0500 (Central Daylight Time)","30-34","Bachelors","66103","White","Woman","Lesbian","Arts & Entertainment","Founder / Entrepreneur","Yes â€” 1â€“3 years","Equal","3","Cooking, Hiking/Outdoors, Travel","Rock","MGK (always)","Bloody Valentine","Course/App","Impulsive","3","Gemini","ShadowThorn_402","ST_402","","",""
"Fri Oct 17 2025 13:28:57 GMT-0500 (Central Daylight Time)","09/27","21-24","Some College","64105","White","Man","Gay","Healthcare","Researcher / Scientist","Yes â€” 1â€“3 years","Jacob","4","Music, Fitness, Gaming","Indie/Alt","Rainbow Kitten Surprise","CUNTISSIMO - MARINA ","Tech gadget","Self-conscious","3","Libra","EmberWraith_910","EW_910","","",""
"Fri Oct 17 2025 14:24:06 GMT-0500 (Central Daylight Time)","07/09","30-34","Bachelors","64109","White","Man","Gay","Hospitality / Retail","Manager / Supervisor","Yes â€” 3â€“12 months","Jacob","4","Music, Fitness, Hiking/Outdoors","Pop","Lorde","What Was That- Lorde","Tech gadget","Insecure","5","Cancer","CryptViolet_227","CV_227","","",""
"Fri Oct 17 2025 15:31:27 GMT-0500 (Central Daylight Time)","01/22 ","25-29","Bachelors","66062","White","Man","Straight / Heterosexual","Science / Research","Technical / Engineer / Developer","Yes â€” 3â€“5 years","Jacob","2","Reading, Hiking/Outdoors, Art/Design","Ambient ","Carbon Based Lifeforms","","Car/Motorcycle","Insecure","2","Aquarius","GloomSparrow_318","GS_318","","",""
"Fri Oct 17 2025 15:37:05 GMT-0500 (Central Daylight Time)","01/16","25-29","Some College","64109","White","Non-binary","Gay","Hospitality / Retail","Manager / Supervisor","No","","","Gaming, Cooking, Fashion","Hip-hop","Paramore","Evacuate the dance floor","Home/Kitchen","Self-conscious","4","Capricorn","HollowSage_746","HS_746","","",""
"Fri Oct 17 2025 15:53:08 GMT-0500 (Central Daylight Time)","Sun Jun 22 2025 00:00:00 GMT-0500 (Central Daylight Time)","25-29","Bachelors","64101","White","Man","Straight / Heterosexual","Arts & Entertainment","Creative / Designer / Artist","No","Jacob","1","Travel, Art/Design, Film / movies","Indie/Alt","animal collective ","Year Zero (Ghost)","Home/Kitchen","Impulsive","2","Cancer","CinderSpecter_204","CS_204","","",""
"Fri Oct 17 2025 19:37:04 GMT-0500 (Central Daylight Time)","04/01","30-34","Some College","64138","Not Listed","Man","Straight / Heterosexual","Trades / Manufacturing","Trades / Skilled Labor","Yes â€” 5â€“10 years","Jacob","3","Music, Gaming, Art/Design","Reggaeton ","Bad bunny","4K by el alfa ","Tech gadget","Stubborn","5","Aries","LunarHowl_661","LH_661","","",""
"Sat Oct 18 2025 02:08:41 GMT-0500 (Central Daylight Time)","01/03","55-65+","Masters & Above","64133","White","Woman","Straight / Heterosexual","Trades / Manufacturing","Creative / Designer / Artist","Yes â€” more than 10 years","Jacob","3","Music, Fitness, Cooking, Hiking/Outdoors, Photography, Fashion, Travel, Art/Design, Volunteering","Country","Ocean Alley","Confidence","Fashion/Clothing","Overly critical","4","Capricorn","DuskOracle_157","DO_157","","",""
"Sat Oct 18 2025 09:38:15 GMT-0500 (Central Daylight Time)","09/29","25-29","High School","64133","White","Man","Gay","Government / Military","Operations / Admin / Support","No","Do Not Know Them","","Music, Hiking/Outdoors, Sports (general)","Electronic","Marten Horger","The freaks (marten Horger ft David guetta)","Fashion/Clothing","Stubborn","4","Libra","PhantomLoom_413","PL_413","","",""
"Sat Oct 18 2025 09:38:17 GMT-0500 (Central Daylight Time)","02/22","25-29","High School","64133","Black / African American","Man","Gay","Government / Military","Operations / Admin / Support","Yes â€” more than 10 years","Jacob","4","Music, Fitness, Gaming, Sports (general), Art/Design","Everything ","Sza","Get it sexxy","Car/Motorcycle","Anxious","4","Pisces","RotBloom_277","RB_277","","",""
"Sat Oct 18 2025 12:27:59 GMT-0500 (Central Daylight Time)","09/30","30-34","Masters & Above","64130","Not Listed","Man","Gay","Finance / Business Services","Operations / Admin / Support","Yes â€” less than 3 months","Do Not Know Them","1","Music, Fitness, Sports (general)","Pop","Dua Lipa","AAAHH MEN! - Doja","Fashion/Clothing","Impulsive","2","Libra","VelvetTalon_802","VT_802","","",""
"Sat Oct 18 2025 21:51:23 GMT-0500 (Central Daylight Time)","05/10","25-29","Bachelors","64111","White","Woman","Queer","Hospitality / Retail","Sales / Marketing / Business Development","No","Do Not Know Them","","Music, Fashion, Art/Design","Pop","Addison Rae","BEAT UP CHANEL$ by Slayyyter","Home/Kitchen","Stubborn","4","Taurus","AshenSpecter_531","AS_531","","",""
"Sun Oct 19 2025 20:22:04 GMT-0500 (Central Daylight Time)","01/22","25-29","Bachelors","66112","White","Non-binary","Lesbian","Hospitality / Retail","Operations / Admin / Support","Yes â€” 1â€“3 years","Jacob","1","Music, Hiking/Outdoors, Fashion, Travel, Art/Design","Folk","Lucy Dacus","sanitized - katie gavin ","Fashion/Clothing","Anxious","2","Aquarius","MoonFrost_620","MF_620","","",""
"Sun Oct 19 2025 21:14:13 GMT-0500 (Central Daylight Time)","12/30","21-24","Some College","64507","White","Woman","Straight / Heterosexual","Healthcare","Student / Trainee","Yes â€” 3â€“12 months","Equal","1","Music, Cooking, Reading","Indie/Alt","Tame Impala ","My Old Ways-Tame Impala ","Fashion/Clothing","Guarded","4","Capricorn","TwilightVine_293","TV_293","","",""
"Mon Oct 20 2025 12:07:28 GMT-0500 (Central Daylight Time)","01/14","21-24","Some College","64110","Mixed / Multiracial","Woman","Straight / Heterosexual","Trades / Manufacturing","Trades / Skilled Labor","Yes â€” 1â€“3 years","Jacob","3","Music, Reading, Fashion, Art/Design","Indie/Alt","Lola young and Goldie Boutilier","Girls by The Kid LAROI","Tech gadget","Guarded","5","Capricorn","BleakWhisper_899","BW_899","","",""
"Mon Oct 20 2025 15:29:44 GMT-0500 (Central Daylight Time)","Wed Sep 10 2025 00:00:00 GMT-0500 (Central Daylight Time)","21-24","High School","66606","White","Man","Bisexual","Finance / Business Services","Sales / Marketing / Business Development","Yes â€” less than 3 months","Jacob","1","Music, Fitness, Gaming, Cooking, Hiking/Outdoors, Sports (general), Travel, Art/Design, Volunteering","Indie/Alt","Somber","Heartbeat -Childish Gambino","Fashion/Clothing","Distracted","5","Virgo","HollowThorn_515","HT_515","","",""
"Mon Oct 20 2025 21:02:03 GMT-0500 (Central Daylight Time)","Mon Jul 07 2025 00:00:00 GMT-0500 (Central Daylight Time)","25-29","Masters & Above","64114","White","Man","Gay","Education","Operations / Admin / Support","No","Do Not Know Them","","Music, Hiking/Outdoors, Travel, Volunteering","Pop","Ava Max","Kings & Queens","Tech gadget","Anxious","4","Cancer","WraithLoom_777","WL_777","","",""
"Mon Oct 20 2025 23:09:52 GMT-0500 (Central Daylight Time)","Mon Apr 14 2025 00:00:00 GMT-0500 (Central Daylight Time)","25-29","Masters & Above","64114","White","Man","Gay","Healthcare","Student / Trainee","No","Do Not Know Them","","Music, Hiking/Outdoors, Volunteering","Indie/Alt","Florence Welch","Everybody Scream","Tech gadget","Insecure","4","Aries","NocturneRose_188","NR_188","","",""
"Tue Oct 21 2025 12:42:18 GMT-0500 (Central Daylight Time)","09/12","30-34","Associates","66208","White","Man","Gay","Hospitality / Retail","Trades / Skilled Labor","Yes â€” 5â€“10 years","Jacob","4","Music, Travel, Art/Design","Electronic","Massive Attack","Holding Out For A Hero - Bonnie Tyler","Fashion/Clothing","Anxious","4","Virgo","FeralGhast_412","FG_412","","",""
"Tue Oct 21 2025 12:44:54 GMT-0500 (Central Daylight Time)","03/16","30-34","Bachelors","66203","White","Man","Straight / Heterosexual","Technology","Sales / Marketing / Business Development","Yes â€” more than 10 years","Jacob","3","Music, Gaming, Hiking/Outdoors","Pop","Sugar Ray","Every Morning","Pet item","Insecure","3","Pisces","BoneSpecter_663","BS_663","","",""
"Tue Oct 21 2025 13:04:15 GMT-0500 (Central Daylight Time)","09/30","25-29","Bachelors","64114","White","Man","Queer","Finance / Business Services","Sales / Marketing / Business Development","No","Equal","1","Music, Fitness, Gaming, Hiking/Outdoors, Travel, Art/Design","Folk (-pop, -modern, etc)","Joni Mitchell","Folded kehlani","Fitness gear","Anxious","3","Libra","SinisterFog_933","SF_933","","",""
"Tue Oct 21 2025 13:28:06 GMT-0500 (Central Daylight Time)","0212","30-34","Bachelors","64116","Mixed / Multiracial","Woman","Bisexual","Healthcare","Healthcare / Service Provider","Yes â€” more than 10 years","Equal","5","Sports (general), Travel, Art/Design","Indie/Alt","Greentea Peng ","Be honest x Jorja Smith ","Home/Kitchen","Anxious","5","Capricorn","CandleMoth_209","CM_209","","",""
"Tue Oct 21 2025 13:38:47 GMT-0500 (Central Daylight Time)","05/10","30-34","Masters & Above","66210","White","Man","Gay","Healthcare","Manager / Supervisor","Yes â€” 1â€“3 years","Jacob","3","Music, Fitness, Travel","Electronic","Dua Lipa","purr","Fashion/Clothing","Overly critical","5","Taurus","IronGhoul_512","IG_512","","",""
"Tue Oct 21 2025 14:24:46 GMT-0500 (Central Daylight Time)","Sat Jan 25 2025 00:00:00 GMT-0600 (Central Standard Time)","25-29","Bachelors","64116","White","Man","Straight / Heterosexual","Government / Military","Operations / Admin / Support","Yes â€” 1â€“3 years","Equal","3","Cooking, Reading, Hiking/Outdoors, Sports (general), Travel","Indie/Alt","Glass Animals","Tangerine ","Home/Kitchen","Anxious","2","Aquarius","SableViolet_706","SV_706","","",""
"Tue Oct 21 2025 14:39:27 GMT-0500 (Central Daylight Time)","03/29","30-34","Bachelors","64111","White","Woman","Queer","Science / Research","Technical / Engineer / Developer","Yes â€” 3â€“5 years","Equal","2","Music, Art/Design, Food (eating, not cooking)","Indie/Alt","Tame Impala","Turn Me On - Kevin Lyttle","Tech gadget","Stubborn","4","Aries","LanternThorn_392","LT_392","","",""
"Tue Oct 21 2025 15:43:19 GMT-0500 (Central Daylight Time)","12/15","30-34","Masters & Above","64105","White","Man","Gay","Healthcare","Manager / Supervisor","Yes â€” 3â€“12 months","Jacob","2","Music, Cooking, Art/Design","Pop","","","Tech gadget","Anxious","4","Sagittarius","GraveSparrow_480","GS_480","","",""
"Tue Oct 21 2025 15:57:49 GMT-0500 (Central Daylight Time)","06/18","30-34","Bachelors","64109","Asian","Woman","Straight / Heterosexual","Healthcare","Healthcare / Service Provider","Yes â€” more than 10 years","Jacob","4","Cooking, Hiking/Outdoors, Travel","Electronic","","","Fashion/Clothing","Insecure","3","Gemini","FrostVine_611","FV_611","","",""
"Tue Oct 21 2025 19:02:59 GMT-0500 (Central Daylight Time)","08/18","30-34","Some College","64108","White","Man","Gay","Hospitality / Retail","Manager / Supervisor","Yes â€” 5â€“10 years","Jacob","","Fashion, Travel, Art/Design","Electronic","","","Fashion/Clothing","Distracted","4","Leo","WidowWitch_789","WW_789","","",""
"Tue Oct 21 2025 19:38:01 GMT-0500 (Central Daylight Time)","06/28","55-65+","Bachelors","64155","White","Woman","Straight / Heterosexual","Education","Educator / Instructor","Yes â€” more than 10 years","Jacob","4","Sports (general), Travel, Volunteering","Rock","Adele","Hips Donâ€™t Lie-Shakira","Home/Kitchen","Distracted","5","Cancer","RottingSmile_554","RS_554","","",""
"Tue Oct 21 2025 20:17:45 GMT-0500 (Central Daylight Time)","05/11","30-34","Bachelors","64152","White","Man","Gay","Finance / Business Services","Sales / Marketing / Business Development","Yes â€” 5â€“10 years","Michael","5","Fitness, Cooking, Travel","Pop","Madison Beer","Bittersweet","Home/Kitchen","Anxious","3","Taurus","MarrowPetal_248","MP_248","","",""
"Tue Oct 21 2025 20:43:12 GMT-0500 (Central Daylight Time)","07/21","25-29","Some College","32163","Mixed / Multiracial","Man","Queer","Hospitality / Retail","Sales / Marketing / Business Development","Yes â€” more than 10 years","Jacob","5","Music, Gaming, Cooking","Hip-hop","Sza","One thing lola young","Fashion/Clothing","Anxious","4","Cancer","ObsidianThorn_704","OT_704","","",""
"Tue Oct 21 2025 20:57:16 GMT-0500 (Central Daylight Time)","05/17","30-34","Bachelors","66103","White","Woman","Queer","Hospitality / Retail","Creative / Designer / Artist","Yes â€” 1â€“3 years","Equal","3","Music, Cooking, Fashion, Art/Design, Pop Culture","Pop","Blondie","","Home/Kitchen","Overly critical","3","Taurus","GloomChime_334","GC_334","","",""
"Tue Oct 21 2025 21:29:58 GMT-0500 (Central Daylight Time)","12/05","35-44","Bachelors","66103","White","Man","Straight / Heterosexual","Finance / Business Services","Manager / Supervisor","Yes â€” 3â€“5 years","","","Self realization & Occult; Fast cars and knives; Rock and Roll baby! ","Music that's GOOD","","L.A. Woman by The Doors","Tech gadget","Impulsive","3","Sagittarius","HallowRose_911","HR_911","","",""
"Tue Oct 21 2025 21:31:33 GMT-0500 (Central Daylight Time)","08/22","30-34","Bachelors","64138","White","Woman","Pansexual","Arts & Entertainment","Creative / Designer / Artist","Yes â€” 3â€“5 years","Equal","3","Cooking, Travel, Dancing","Bad bitches of all kinds. ","Noga Erez","Nails - Noga Erez","Car/Motorcycle","Impulsive","5","Leo","Duskwillow_648","DW_648","","",""
"Tue Oct 21 2025 22:08:12 GMT-0500 (Central Daylight Time)","04/05","21-24","Some College","64108","White","Man","Gay","Arts & Entertainment","Sales / Marketing / Business Development","Yes â€” 1â€“3 years","Jacob","1","Music, Cooking, Art/Design","House ðŸ˜›","Kaytranada ","Dracula - Tame Impala ","Home/Kitchen","Anxious","4","Aries","CinderLace_391","CL_391","","",""
"Wed Oct 22 2025 00:07:39 GMT-0500 (Central Daylight Time)","Thu Dec 25 2025 00:00:00 GMT-0600 (Central Standard Time)","21-24","Associates","64093","White","Man","Gay","Hospitality / Retail","Creative / Designer / Artist","Yes â€” 1â€“3 years","Jacob","1","Hiking/Outdoors, Fashion, Travel, Art/Design","Pop","Charli XCX","everything is romantic","Fashion/Clothing","Anxious","4","Capricorn","CryptMoon_537","CM_537","","",""
"Wed Oct 22 2025 02:33:47 GMT-0500 (Central Daylight Time)","10/27","30-34","Bachelors","64111","White","Woman","Lesbian","Arts & Entertainment","Creative / Designer / Artist","Yes â€” 1â€“3 years","Equal","3","Music, Hiking/Outdoors, Art/Design","Indie/Alt","Fred Again","Victory Lap by Fred Again","Course/App","Impulsive","4","Scorpio","WickedCrow_801","WC_801","","",""
"Wed Oct 22 2025 08:12:52 GMT-0500 (Central Daylight Time)","02/10","55-65+","Masters & Above","66208","White","Woman","Straight / Heterosexual","Healthcare","Researcher / Scientist","Yes â€” 3â€“5 years","Jacob","4","Fitness, Hiking/Outdoors, Travel","Rock","Bruno Mars","Anything Bruno!","Car/Motorcycle","Self-conscious","2","Aquarius","TwilightWitch_220","TW_220","","",""
"Wed Oct 22 2025 10:45:59 GMT-0500 (Central Daylight Time)","12/20","25-29","Bachelors","64108","White","Man","Gay","Trades / Manufacturing","Creative / Designer / Artist","Yes â€” 3â€“12 months","Jacob","3","Hiking/Outdoors, Travel, Art/Design","R&B","Ella Mai","Booâ€™d up","Car/Motorcycle","Impulsive","4","Sagittarius","EmberBloom_339","EB_339","","",""
"Wed Oct 22 2025 10:56:36 GMT-0500 (Central Daylight Time)","07/23","25-29","Bachelors","64105","White","Man","Gay","Arts & Entertainment","Creative / Designer / Artist","Yes â€” 3â€“12 months","Jacob","3","Fitness, Photography, Art/Design","Pop","Adele","Thriller","Fashion/Clothing","Impulsive","5","Leo","ShadowCrow_725","SC_725","","",""
"Wed Oct 22 2025 11:14:25 GMT-0500 (Central Daylight Time)","09/03","25-29","Bachelors","64109","White","Non-binary","Gay","Hospitality / Retail","Manager / Supervisor","Yes â€” 3â€“12 months","Jacob","1","Music, Gaming, Fashion","Pop","Ariana Grande","break up with your girlfriend, Iâ€™m bored","Fashion/Clothing","Overly critical","3","Virgo","NocturneFrost_405","NF_405","","",""
"Wed Oct 22 2025 12:41:10 GMT-0500 (Central Daylight Time)","02/25","25-29","Associates","64114","Black / African American","Woman","Bisexual","Trades / Manufacturing","Trades / Skilled Labor","Yes â€” 5â€“10 years","Michael","3","Music, Cooking, Fashion","Pop","Lady Gaga"," Cunt-flyana boss","Fashion/Clothing","Impulsive","4","Pisces","HollowRaven_367","HR_367","","",""
"","","","","","","","","","","","","","","","","","","","","","GraveIris_291","GI_291","","",""
"","","","","","","","","","","","","","","","","","","","","","SpiritThorn_518","ST_518","","",""
"","","","","","","","","","","","","","","","","","","","","","LilithShade_732","LS_732","","",""
"","","","","","","","","","","","","","","","","","","","","","RavenMoth_821","RM_821","","",""
"","","","","","","","","","","","","","","","","","","","","","FeralLantern_266","FL_266","","",""
"","","","","","","","","","","","","","","","","","","","","","SinisterRose_903","SR_903","","",""
"","","","","","","","","","","","","","","","","","","","","","IronVine_319","IV_319","","",""
"","","","","","","","","","","","","","","","","","","","","","PhantomMist_707","PM_707","","",""
"","","","","","","","","","","","","","","","","","","","","","EchoWitch_412","EW_412","","",""
"","","","","","","","","","","","","","","","","","","","","","AshenBloom_618","AB_618","","",""
"","","","","","","","","","","","","","","","","","","","","","RottenCandle_501","RC_501","","",""
"","","","","","","","","","","","","","","","","","","","","","TwilightThorn_883","TT_883","","",""
"","","","","","","","","","","","","","","","","","","","","","LanternWraith_699","LW_699","","",""
"","","","","","","","","","","","","","","","","","","","","","MoonLace_233","ML_233","","",""
"","","","","","","","","","","","","","","","","","","","","","DreadPetal_659","DP_659","","",""
"","","","","","","","","","","","","","","","","","","","","","CandleWitch_354","CW_354","","",""
"","","","","","","","","","","","","","","","","","","","","","MourningBell_577","MB_577","","",""
"","","","","","","","","","","","","","","","","","","","","","VoidRaven_942","VR_942","","",""
"","","","","","","","","","","","","","","","","","","","","","SableTomb_362","ST_362","","",""
"","","","","","","","","","","","","","","","","","","","","","AshenWing_692","AW_692","","",""
"","","","","","","","","","","","","","","","","","","","","","RavenCasket_583","RC_583","","",""
"","","","","","","","","","","","","","","","","","","","","","EmberFog_247","EF_247","","",""
"","","","","","","","","","","","","","","","","","","","","","WraithLace_998","WL_998","","",""
"","","","","","","","","","","","","","","","","","","","","","DuskCoven_464","DC_464","","",""
"","","","","","","","","","","","","","","","","","","","","","ShadowSpindle_210","SS_210","","",""
"","","","","","","","","","","","","","","","","","","","","","LilithThorn_390","LT_390","","",""
"","","","","","","","","","","","","","","","","","","","","","NocturneLoom_714","NL_714","","",""
"","","","","","","","","","","","","","","","","","","","","","VexedCandle_535","VC_535","","",""
"","","","","","","","","","","","","","","","","","","","","","BoneHollow_133","BH_133","","",""
"","","","","","","","","","","","","","","","","","","","","","PhantomLace_800","PL_800","","",""
"","","","","","","","","","","","","","","","","","","","","","FrostVeil_286","FV_286","","",""
"","","","","","","","","","","","","","","","","","","","","","MourningVine_914","MV_914","","",""
"","","","","","","","","","","","","","","","","","","","","","LanternThorn_372","LT_372","","",""
"","","","","","","","","","","","","","","","","","","","","","HollowMuse_660","HM_660","","",""
"","","","","","","","","","","","","","","","","","","","","","BleakPetal_481","BP_481","","",""
"","","","","","","","","","","","","","","","","","","","","","DreadWillow_235","DW_235","","",""
"","","","","","","","","","","","","","","","","","","","","","AshenSeraph_712","AS_712","","",""
"","","","","","","","","","","","","","","","","","","","","","VelvetHowl_928","VH_928","","",""
"","","","","","","","","","","","","","","","","","","","","","WhisperMoth_392","WM_392","","",""
"","","","","","","","","","","","","","","","","","","","","","TwilightBriar_550","TB_550","","",""
"","","","","","","","","","","","","","","","","","","","","","ShadowWaltz_878","SW_878","","",""
"","","","","","","","","","","","","","","","","","","","","","CravenMoon_223","CM_223","","",""
"","","","","","","","","","","","","","","","","","","","","","GhostIvy_907","GI_907","","",""
"","","","","","","","","","","","","","","","","","","","","","MarrowLantern_119","ML_119","","",""
"","","","","","","","","","","","","","","","","","","","","","EbonRose_742","ER_742","","",""
"","","","","","","","","","","","","","","","","","","","","","RotSpecter_605","RS_605","","",""
"","","","","","","","","","","","","","","","","","","","","","LunarJack_354","LJ_354","","",""
"","","","","","","","","","","","","","","","","","","","","","PaleOracle_277","PO_277","","",""
"","","","","","","","","","","","","","","","","","","","","","HollowBloom_886","HB_886","","",""
"","","","","","","","","","","","","","","","","","","","","","Duskmire_874","DM_874","","",""
"","","","","","","","","","","","","","","","","","","","","","LanternFox_333","LF_333","","",""
"","","","","","","","","","","","","","","","","","","","","","WintersGrin_915","WG_915","","",""
"","","","","","","","","","","","","","","","","","","","","","IvorySpecter_462","IS_462","","",""
"","","","","","","","","","","","","","","","","","","","","","MourningElm_842","ME_842","","",""
"","","","","","","","","","","","","","","","","","","","","","VelvetWraith_331","VW_331","","",""
"","","","","","","","","","","","","","","","","","","","","","HollowThistle_902","HT_902","","",""
"","","","","","","","","","","","","","","","","","","","","","GraveWisp_440","GW_440","","",""
"","","","","","","","","","","","","","","","","","","","","","CryptHollow_279","CH_279","","",""
"","","","","","","","","","","","","","","","","","","","","","PaleChalice_813","PC_813","","",""
"","","","","","","","","","","","","","","","","","","","","","NightSable_522","NS_522","","",""
"","","","","","","","","","","","","","","","","","","","","","FrostMurmur_437","FM_437","","",""
"","","","","","","","","","","","","","","","","","","","","","GloomJack_698","GJ_698","","",""
"","","","","","","","","","","","","","","","","","","","","","LanternHag_190","LH_190","","",""
"","","","","","","","","","","","","","","","","","","","","","WhisperRaven_354","WR_354","","",""