"Timestamp","Birthday (MM/DD)","Zodiac Sign","Age Range","Education Level","Current 5 Digit Zip Code","Self Identified Ethnicity","Self-Identified Gender","Self-Identified Sexual Orientation","Employment Information (Industry)","Employment Information (Role)","Do you know the Host(s)?","Which host have you known the longest?","If yes, how well do you know them?","Your General Interests (Choose 3)","Interest_1","Interest_2","Interest_3","Music Preference","Current Favorite Artist","Name one song you want to hear at the party","Recent purchase you're most happy about","At your worst you are...","Which best describes your general social stance?","Screen Name","UID","DDD_Score","Checked-In","Check-in Time","PHOTO_URL_COL"
"Mon Sep 08 2025 13:58:23 GMT-0500 (Central Daylight Time)","Sun May 18 2025 00:00:00 GMT-0500 (Central Daylight Time)","Taurus","30-34","Some College","64110","White","Man","Gay","Finance / Business Services","Operations / Admin / Support","Yes — more than 10 years","Michael","5","Music, Fitness, Gaming, Cooking, Fashion, Travel, Art/Design","Music","Fitness","Gaming","R&B","SZA","No Broke Boys - Bumma Summa","Tech gadget","Stubborn","5","fag","PS_438","2","","",""
"Mon Sep 08 2025 14:48:03 GMT-0500 (Central Daylight Time)","Fri Aug 22 2025 00:00:00 GMT-0500 (Central Daylight Time)","Leo","30-34","Some College","64111","White","Other","Gay","Trades / Manufacturing","Trades / Skilled Labor","Yes — 5–10 years","Equal","4","Music, Cooking, Fashion, Art/Design","Music","Cooking","Fashion","Pop","Miley Cyrus","Tears - SC","Pet item","Impulsive","4","HollowJack_127","HJ_127","2","","",""
"Mon Sep 08 2025 14:58:30 GMT-0500 (Central Daylight Time)","Tue Apr 29 2025 00:00:00 GMT-0500 (Central Daylight Time)","Taurus","25-29","High School","64106","White","Woman","Pansexual","Trades / Manufacturing","Creative / Designer / Artist","Yes — 3–12 months","Equal","1","Music, Reading, Art/Design","Music","Reading","Art/Design","Indie/Alt","Sublime","Digital love by daft punk","Home/Kitchen","Anxious","3","CryptMuse_903","CM_903","0","","",""
"Mon Sep 08 2025 16:10:15 GMT-0500 (Central Daylight Time)","Mon Sep 08 2025 00:00:00 GMT-0500 (Central Daylight Time)","Virgo","25-29","Masters & Above","64111","White","Woman","Bisexual","Education","Operations / Admin / Support","Yes — 1–3 years","Equal","5","Music, Fitness, Art/Design","Music","Fitness","Art/Design","Indie/Alt","Tyler, the Creator","Sugar on My Tongue AND Cooler Than Me by Mike Posner","Home/Kitchen","Overly critical","4","GraveDancer_521","GD_521","0","","",""
"Mon Sep 08 2025 16:12:32 GMT-0500 (Central Daylight Time)","Tue May 20 2025 00:00:00 GMT-0500 (Central Daylight Time)","Taurus","25-29","Some College","64111","Prefer not to say","Woman","Bisexual","Hospitality / Retail","Researcher / Scientist","Yes — 5–10 years","Jacob","5","Music, Gaming, Art/Design, Halloween orgy","Music","Gaming","Art/Design","Indie/Alt","Trophy wife","S’Cooled by Blood Orange","Fashion/Clothing","Jealous","3","VelvetSpecter_664","VS_664","2","","",""
"Mon Sep 08 2025 16:12:48 GMT-0500 (Central Daylight Time)","Mon Oct 27 2025 00:00:00 GMT-0500 (Central Daylight Time)","Scorpio","25-29","Some College","64111","White","Woman","Bisexual","Hospitality / Retail","Manager / Supervisor","Yes — 1–3 years","Equal","5","Music, Cooking, Hiking/Outdoors","Music","Cooking","Hiking/Outdoors","Indie/Alt","Big thief","Good ones- Charli xcx","Fashion/Clothing","Anxious","3","MoonGhoul_208","MG_208","0","","",""
"Mon Sep 08 2025 16:13:29 GMT-0500 (Central Daylight Time)","Wed Apr 16 2025 00:00:00 GMT-0500 (Central Daylight Time)","Aries","25-29","Bachelors","64111","White","Woman","Bisexual","Arts & Entertainment","Creative / Designer / Artist","Yes — 1–3 years","Jacob","5","Music, Reading, Art/Design","Music","Reading","Art/Design","Rock","bad bunny","hallelujah by rufus wainwright","Fitness gear","Overly critical","2","SilentPumpkin_319","SP_319","0","","",""
"Mon Sep 08 2025 16:52:03 GMT-0500 (Central Daylight Time)","Sat May 17 2025 00:00:00 GMT-0500 (Central Daylight Time)","Taurus","30-34","Bachelors","66215","White","Man","Straight / Heterosexual","Science / Research","Technical / Engineer / Developer","Yes — more than 10 years","Jacob","5","Music, Fitness, Gaming, Cooking, Reading, Hiking/Outdoors, Sports (general)","Music","Fitness","Gaming","(N/A)","Umphreys McGee","Booth Love - Umphreys Mcgee","Tech gadget","Self-conscious","4","TwilightFang_861","TF_861","3","","",""
"Mon Sep 08 2025 16:56:39 GMT-0500 (Central Daylight Time)","Sat Oct 25 2025 00:00:00 GMT-0500 (Central Daylight Time)","Scorpio","30-34","Masters & Above","66215","White","Woman","Straight / Heterosexual","Trades / Manufacturing","Manager / Supervisor","Yes — 5–10 years","Jacob","4","Music, Cooking, Reading, Hiking/Outdoors, Travel, Art/Design","Music","Cooking","Reading","Indie/Alt","Bad Bunny","Eeeeeoooo","Home/Kitchen","Overly critical","2","WraithWhisper_447","WW_447","2","","",""
"Mon Sep 08 2025 19:01:19 GMT-0500 (Central Daylight Time)","Tue Oct 07 2025 00:00:00 GMT-0500 (Central Daylight Time)","Libra","30-34","Bachelors","64110","White","Man","Gay","Technology","Operations / Admin / Support","Yes — more than 10 years","Jacob","5","Music, Fitness, Gaming, Cooking, Reading, Art/Design","Music","Fitness","Gaming","Indie/Alt","Glass animals","(N/A)","Course/App","Reckless","3","BoneWaltz_902","BW_902","3","","",""
"Mon Sep 08 2025 19:37:24 GMT-0500 (Central Daylight Time)","Wed Jun 18 2025 00:00:00 GMT-0500 (Central Daylight Time)","Gemini","30-34","Masters & Above","64111","White","Woman","Bisexual","Healthcare","Manager / Supervisor","Yes — more than 10 years","Michael","5","Cooking, Reading, Travel","Cooking","Reading","Travel","Pop","SZA","Bad Girls - M.I.A.","Home/Kitchen","Overly critical","4","AshenWitch_532","AW_532","0","","",""
"Mon Sep 08 2025 19:50:08 GMT-0500 (Central Daylight Time)","Mon Jun 02 2025 00:00:00 GMT-0500 (Central Daylight Time)","Gemini","25-29","Bachelors","64105","White","Man","Straight / Heterosexual","Science / Research","Manager / Supervisor","Yes — less than 3 months","Michael","1","Music, Hiking/Outdoors, Travel","Music","Hiking/Outdoors","Travel","Hip-hop","Mt. Joy","Childish Gambino - 3005","Home/Kitchen","Guarded","3","EchoGhast_174","EG_174","0","","",""
"Mon Sep 08 2025 20:06:25 GMT-0500 (Central Daylight Time)","Mon Dec 01 2025 00:00:00 GMT-0600 (Central Standard Time)","Sagittarius","30-34","Masters & Above","64111","White","Man","Gay","Education","Manager / Supervisor","Yes — 1–3 years","Equal","3","Cooking, Fashion, Travel","Cooking","Fashion","Travel","Pop","Charli XCX","365","Course/App","Guarded","4","BleedingCandle_786","BC_786","0","","",""
"Mon Sep 08 2025 21:53:06 GMT-0500 (Central Daylight Time)","Sat Mar 22 2025 00:00:00 GMT-0500 (Central Daylight Time)","Aries","30-34","Bachelors","64138","Black / African American","Man","Gay","Hospitality / Retail","Creative / Designer / Artist","Yes — 1–3 years","Equal","3","Cooking, Fashion, Art/Design","Cooking","Fashion","Art/Design","Pop","Beyonce","Honey by Mariah Carey","Fashion/Clothing","Reckless","4","WidowHowl_441","WH_441","0","","",""
"Mon Sep 08 2025 21:53:47 GMT-0500 (Central Daylight Time)","Wed Dec 03 2025 00:00:00 GMT-0600 (Central Standard Time)","Sagittarius","30-34","Some College","64111","Mixed / Multiracial","Woman","Straight / Heterosexual","Arts & Entertainment","Creative / Designer / Artist","Yes — 1–3 years","Equal","3","Cooking, Sports (general), Art/Design","Cooking","Sports (general)","Art/Design","Electronic","Tom Misch","Fake ID (Coke and Rum Remix)","Tech gadget","Guarded","4","NocturneCrow_319","NC_319","0","","",""
"Tue Sep 09 2025 06:46:18 GMT-0500 (Central Daylight Time)","Sat Sep 13 2025 00:00:00 GMT-0500 (Central Daylight Time)","Virgo","30-34","Bachelors","64106","White","Man","Gay","Hospitality / Retail","Manager / Supervisor","Yes — 3–5 years","Equal","3","Music, Photography, Fashion, Travel, Art/Design","Music","Photography","Fashion","Pop","Ariana Grande","Jump - Blackpink","Fashion/Clothing","Jealous","3","SableGhost_770","SG_770","2","","",""
"Tue Sep 09 2025 14:00:33 GMT-0500 (Central Daylight Time)","Sun Apr 06 2025 00:00:00 GMT-0500 (Central Daylight Time)","Aries","21-24","Associates","64050","White","Woman","Straight / Heterosexual","Healthcare","Student / Trainee","Yes — 1–3 years","Jacob","4","Fashion, Travel, Volunteering","Fashion","Travel","Volunteering","Indie/Alt","Wallows","(N/A)","Home/Kitchen","Impulsive","2","RottenHalo_245","RH_245","1","","",""
"Tue Sep 09 2025 14:14:50 GMT-0500 (Central Daylight Time)","Tue Mar 04 2025 00:00:00 GMT-0600 (Central Standard Time)","Pisces","21-24","High School","64155","White","Woman","Bisexual","Finance / Business Services","Educator / Instructor","Yes — more than 10 years","Michael","5","Music, Cooking, Art/Design","Music","Cooking","Art/Design","Pop","Sabrina Carpenter","Tears by Sabrina Carpenter","Fashion/Clothing","Anxious","3","DuskTalon_907","DT_907","0","","",""
"Tue Sep 09 2025 15:02:12 GMT-0500 (Central Daylight Time)","Thu Jul 10 2025 00:00:00 GMT-0500 (Central Daylight Time)","Cancer","25-29","Some College","64150","White","Man","Straight / Heterosexual","Healthcare","Healthcare / Service Provider","No","Jacob","1","Gaming, Travel, Health Sciences","Gaming","Travel","Health Sciences","(N/A)","N/A","(N/A)","Fashion/Clothing","Reckless","3","PaleMoth_114","PM_114","5","","",""
"Tue Sep 09 2025 18:05:28 GMT-0500 (Central Daylight Time)","Sun Jan 12 2025 00:00:00 GMT-0600 (Central Standard Time)","Capricorn","30-34","Bachelors","64108","White","Woman","Straight / Heterosexual","Finance / Business Services","Manager / Supervisor","Yes — 5–10 years","Michael","5","Music, Reading, Travel, TikTok (watching)","Music","Reading","Travel","(N/A)","Hot Mulligan","10 drunk cigarettes","Home/Kitchen","Anxious","2","MarrowBloom_388","MB_388","3","","",""
"Tue Sep 09 2025 22:07:35 GMT-0500 (Central Daylight Time)","Fri Feb 21 2025 00:00:00 GMT-0600 (Central Standard Time)","Pisces","30-34","Some College","66202","Black / African American","Man","Gay","Finance / Business Services","Operations / Admin / Support","Yes — 5–10 years","Jacob","5","Music, Reading, Fashion","Music","Reading","Fashion","Pop","Beyoncé","The dead dance by lady Gaga","Fashion/Clothing","Reckless","4","SinisterMoon_670","SM_670","0","","",""
"Sat Sep 13 2025 00:10:57 GMT-0500 (Central Daylight Time)","Fri Apr 25 2025 00:00:00 GMT-0500 (Central Daylight Time)","Taurus","25-29","Bachelors","64138","White","Woman","Straight / Heterosexual","Finance / Business Services","Healthcare / Service Provider","Yes — 1–3 years","Equal","3","Music, Cooking, Sports (general)","Music","Cooking","Sports (general)","Hip-hop","any 90/00’s","lollipop - lil wayne","Pet item","Anxious","3","HallowVine_933","HV_933","0","","",""
"Sat Sep 13 2025 09:53:05 GMT-0500 (Central Daylight Time)","Mon Jun 09 2025 00:00:00 GMT-0500 (Central Daylight Time)","Gemini","21-24","High School","64155","White","Man","Straight / Heterosexual","Trades / Manufacturing","Trades / Skilled Labor","Yes — 5–10 years","Michael","5","Music, Gaming, Hiking/Outdoors","Music","Gaming","Hiking/Outdoors","Electronic","Jkyl & Hyde","(N/A)","Home/Kitchen","Anxious","3","FrostCrypt_267","FC_267","1","","",""
"Thu Sep 18 2025 00:12:54 GMT-0500 (Central Daylight Time)","Tue Oct 28 2025 00:00:00 GMT-0500 (Central Daylight Time)","Scorpio","30-34","Bachelors","64111","White","Woman","Other","Government / Military","Manager / Supervisor","Yes — 5–10 years","Michael","4","Cooking, Travel, Frying oil","Cooking","Travel","Frying oil","(N/A)","Charli xcx (manic/lucid); phoebe bridgers (depressed/lucid)","Sandy Remix","Fashion/Clothing","Overly critical","2","LanternMist_822","LM_822","1","","",""
"Sat Sep 20 2025 15:12:37 GMT-0500 (Central Daylight Time)","Tue Nov 11 2025 00:00:00 GMT-0600 (Central Standard Time)","Scorpio","30-34","Masters & Above","64152","White","Man","Gay","Healthcare","Sales / Marketing / Business Development","Yes — 5–10 years","Michael","5","Music, Fitness, Travel","Music","Fitness","Travel","Pop","All","Any","Home/Kitchen","Distracted","4","HollowChime_551","HC_551","0","","",""
"Tue Sep 23 2025 16:02:00 GMT-0500 (Central Daylight Time)","Fri Jun 20 2025 00:00:00 GMT-0500 (Central Daylight Time)","Gemini","25-29","Some College","64103","White","Man","Gay","Hospitality / Retail","Operations / Admin / Support","Yes — 5–10 years","Jacob","4","Music, Cooking, Photography, Fashion, Art/Design","Music","Cooking","Photography","Indie/Alt","Blood orange","Don’t forget the Kisses by wolf Alice","Fashion/Clothing","Anxious","4","EmberSpook_149","ES_149","2","","",""
"Wed Sep 24 2025 08:35:15 GMT-0500 (Central Daylight Time)","Thu Nov 20 2025 00:00:00 GMT-0600 (Central Standard Time)","Scorpio","25-29","Some College","64111","White","Woman","Straight / Heterosexual","Finance / Business Services","Sales / Marketing / Business Development","Yes — 3–5 years","Equal","4","Music, Fitness, Gaming, Cooking","Music","Fitness","Gaming","Indie/Alt","Dixie Chicks","(N/A)","Fashion/Clothing","Reckless","5","Batling_306","BA_306","3","","",""
"Wed Sep 24 2025 12:31:31 GMT-0500 (Central Daylight Time)","Tue Sep 23 2025 00:00:00 GMT-0500 (Central Daylight Time)","Libra","30-34","Bachelors","64131","White","Man","Gay","Hospitality / Retail","Manager / Supervisor","No","Do Not Know Them","(N/A)","Music, Cooking, Reading, Hiking/Outdoors, Art/Design","Music","Cooking","Reading","Electronic","Barry Can’t Swim","(N/A)","Tech gadget","Anxious","3","FeralPumpkin_875","FP_875","8","","",""
"Wed Sep 24 2025 12:57:57 GMT-0500 (Central Daylight Time)","Thu Jan 02 2025 00:00:00 GMT-0600 (Central Standard Time)","Capricorn","21-24","High School","64057","Not Listed","Man","Gay","Healthcare","Healthcare / Service Provider","No","Jacob","(N/A)","Music, Cooking, Hiking/Outdoors","Music","Cooking","Hiking/Outdoors","Hip-hop","Cardi B","Dead by Cardi B","Car/Motorcycle","Impulsive","5","ShadeSpinner_416","SS_416","3","","",""
"Wed Sep 24 2025 14:04:47 GMT-0500 (Central Daylight Time)","Sat Jan 11 2025 00:00:00 GMT-0600 (Central Standard Time)","Capricorn","25-29","Some College","64110","White","Man","Gay","Finance / Business Services","Founder / Entrepreneur","Yes — 3–5 years","Michael","3","Music, Fitness, Cooking, Reading, Hiking/Outdoors, Photography, Travel, Art/Design","Music","Fitness","Cooking","Pop","Raye","Nissan Altima","Fashion/Clothing","Anxious","4","IronSpecter_992","IS_992","2","","",""
"Thu Sep 25 2025 10:19:34 GMT-0500 (Central Daylight Time)","Mon Apr 07 2025 00:00:00 GMT-0500 (Central Daylight Time)","Aries","30-34","Some College","64131","White","Woman","Bisexual","Arts & Entertainment","Creative / Designer / Artist","Yes — 5–10 years","Equal","5","Music, Fashion, Art/Design","Music","Fashion","Art/Design","Pop","Doechii","The Entertainer","Fashion/Clothing","Impulsive","5","Witchling_380","WI_380","0","","",""
"Thu Sep 25 2025 22:43:07 GMT-0500 (Central Daylight Time)","Sun Mar 16 2025 00:00:00 GMT-0500 (Central Daylight Time)","Pisces","30-34","High School","66202","White","Woman","Straight / Heterosexual","Hospitality / Retail","Trades / Skilled Labor","Yes — 5–10 years","Equal","4","Music, Fitness, Cooking, Hiking/Outdoors, Travel","Music","Fitness","Cooking","Electronic","(N/A)","(N/A)","Pet item","Distracted","1","MourningCrow_705","MC_705","3","","",""
"Fri Sep 26 2025 21:39:54 GMT-0500 (Central Daylight Time)","Tue Jul 22 2025 00:00:00 GMT-0500 (Central Daylight Time)","Cancer","30-34","Masters & Above","66205","White","Woman","Straight / Heterosexual","Finance / Business Services","Manager / Supervisor","Yes — more than 10 years","Jacob","3","Music, Hiking/Outdoors, Sports (general), Travel","Music","Hiking/Outdoors","Sports (general)","Country","Taylor swift","Olivia dean","Tech gadget","Anxious","4","VoidRose_227","VR_227","2","","",""
"Fri Sep 26 2025 22:03:43 GMT-0500 (Central Daylight Time)","Tue Dec 30 2025 00:00:00 GMT-0600 (Central Standard Time)","Capricorn","25-29","Bachelors","64119","White","Woman","Straight / Heterosexual","Healthcare","Healthcare / Service Provider","Yes — 5–10 years","Equal","3","Music, Reading, Sports (general)","Music","Reading","Sports (general)","Hip-hop","Billy Joel","It’s still rock n roll to me","Fashion/Clothing","Impulsive","3","GloomPetal_188","GP_188","0","","",""
"Wed Oct 08 2025 17:34:56 GMT-0500 (Central Daylight Time)","Tue Feb 18 2025 00:00:00 GMT-0600 (Central Standard Time)","Aquarius","30-34","Bachelors","64105","White","Man","Gay","Finance / Business Services","Sales / Marketing / Business Development","Yes — 1–3 years","Jacob","1","Music, Fashion, Art/Design","Music","Fashion","Art/Design","Pop","Regina Hardon","I’m easy to please. Anything works.","Home/Kitchen","Self-conscious","2","JackOBlood_567","JB_567","0","","",""
"Fri Oct 10 2025 13:19:22 GMT-0500 (Central Daylight Time)","Fri Jan 03 2025 00:00:00 GMT-0600 (Central Standard Time)","Capricorn","30-34","Bachelors","63104","White","Woman","Straight / Heterosexual","Finance / Business Services","Sales / Marketing / Business Development","Yes — 5–10 years","Jacob","4","Music, Cooking, Art/Design","Music","Cooking","Art/Design","(N/A)","BANKS","The Macarena","Home/Kitchen","Overly critical","4","LilithFog_933","LF_933","1","","",""
"Fri Oct 10 2025 15:57:08 GMT-0500 (Central Daylight Time)","Sat May 03 2025 00:00:00 GMT-0500 (Central Daylight Time)","Taurus","25-29","Bachelors","64110","White","Man","Straight / Heterosexual","Technology","Sales / Marketing / Business Development","Yes — 1–3 years","Equal","3","Music, Gaming, Sports (general)","Music","Gaming","Sports (general)","Pop","Magdalena Bay","Die Young by Kesha","Tech gadget","Anxious","4","MoonMaggot_404","MM_404","0","","",""
"Fri Oct 10 2025 17:36:17 GMT-0500 (Central Daylight Time)","Tue Jun 10 2025 00:00:00 GMT-0500 (Central Daylight Time)","Gemini","30-34","Associates","66227","Mixed / Multiracial","Man","Gay","Technology","Technical / Engineer / Developer","Yes — 1–3 years","Jacob","1","Music, Fitness, Gaming, Travel","Music","Fitness","Gaming","Electronic","Martin Garrix","Gravity","Tech gadget","Guarded","5","CravenBloom_177","CB_177","2","","",""
"Sat Oct 11 2025 23:06:35 GMT-0500 (Central Daylight Time)","Sat Jun 21 2025 00:00:00 GMT-0500 (Central Daylight Time)","Cancer","30-34","High School","64108","White","Woman","Straight / Heterosexual","Trades / Manufacturing","Creative / Designer / Artist","Yes — 3–5 years","Michael","5","Music, Fashion, Travel, Art/Design","Music","Fashion","Travel","Pop","(N/A)","(N/A)","Fashion/Clothing","Overly critical","4","TombKiss_228","TM_228","3","","",""
"Wed Oct 15 2025 09:24:27 GMT-0500 (Central Daylight Time)","Tue Oct 21 2025 00:00:00 GMT-0500 (Central Daylight Time)","Libra","25-29","Some College","64111","White","Woman","Bisexual","Hospitality / Retail","Sales / Marketing / Business Development","Yes — 1–3 years","Equal","4","Music, Sports (general), Art/Design","Music","Sports (general)","Art/Design","Indie/Alt","Sombr","AAAHH MEN! Doja Cat","Fashion/Clothing","Reckless","4","ObsidianSoul_931","OS_931","0","","",""
"Wed Oct 15 2025 13:27:39 GMT-0500 (Central Daylight Time)","Fri May 16 2025 00:00:00 GMT-0500 (Central Daylight Time)","Taurus","30-34","Bachelors","64109","White","Man","Gay","Healthcare","Founder / Entrepreneur","Yes — 1–3 years","Jacob","3","Music, Fitness, Hiking/Outdoors","Music","Fitness","Hiking/Outdoors","Electronic","Doja cat","Fuck it up- disco lines, sidepiece & Mike sherm","Tech gadget","Distracted","4","VexedLantern_603","VL_603","0","","",""
"Wed Oct 15 2025 18:07:27 GMT-0500 (Central Daylight Time)","Mon Nov 03 2025 00:00:00 GMT-0600 (Central Standard Time)","Scorpio","30-34","Bachelors","64110","White","Man","Gay","Finance / Business Services","Operations / Admin / Support","Yes — 5–10 years","Jacob","3","Music, Hiking/Outdoors, Travel","Music","Hiking/Outdoors","Travel","Electronic","Pretty lights","(N/A)","Fashion/Clothing","Self-conscious","4","Duskwalker_224","DW_224","1","","",""
"Thu Oct 16 2025 16:42:25 GMT-0500 (Central Daylight Time)","Wed Mar 05 2025 00:00:00 GMT-0600 (Central Standard Time)","Pisces","25-29","High School","64109","Mixed / Multiracial","Woman","Pansexual","Hospitality / Retail","Manager / Supervisor","Yes — more than 10 years","Jacob","5","Music, Gaming, Cooking, Hiking/Outdoors, Fashion","Music","Gaming","Cooking","Indie/Alt","Ethel Cain","Backstabber  Kesha","Fashion/Clothing","Insecure","4","CandleRot_556","CR_556","2","","",""
"Thu Oct 16 2025 17:17:56 GMT-0500 (Central Daylight Time)","Wed Nov 05 2025 00:00:00 GMT-0600 (Central Standard Time)","Scorpio","25-29","Some College","63118","White","Woman","Bisexual","Hospitality / Retail","Creative / Designer / Artist","Yes — 3–5 years","Equal","3","Music, Gaming, Fashion, Travel, Art/Design","Music","Gaming","Fashion","Rock","Pierce the veil","King for a day","Fashion/Clothing","Guarded","3","MortisLace_788","ML_788","2","","",""
"Thu Oct 16 2025 17:23:57 GMT-0500 (Central Daylight Time)","Tue Sep 16 2025 00:00:00 GMT-0500 (Central Daylight Time)","Virgo","25-29","High School","63118","White","Man","Straight / Heterosexual","Hospitality / Retail","Sales / Marketing / Business Development","Yes — 1–3 years","Equal","2","Music, Fitness, Fashion, Art/Design, Cars","Music","Fitness","Fashion","Hip-hop","Young Thug","Young Thug - Floyd Mayweather","Car/Motorcycle","Stubborn","4","RavenHaunt_366","RH_366","2","","",""
"Thu Oct 16 2025 17:39:22 GMT-0500 (Central Daylight Time)","Wed Jul 02 2025 00:00:00 GMT-0500 (Central Daylight Time)","Cancer","25-29","Bachelors","66106","White","Man","Straight / Heterosexual","Arts & Entertainment","Creative / Designer / Artist","Yes — less than 3 months","Jacob","2","Music, Fitness, Gaming, Hiking/Outdoors, Photography, Travel, Art/Design, Volunteering","Music","Fitness","Gaming","Indie/Alt","Frog","Dare - Gorillaz","Fashion/Clothing","Distracted","4","WickedAsh_599","WA_599","2","","",""
"Thu Oct 16 2025 17:40:13 GMT-0500 (Central Daylight Time)","Thu Sep 11 2025 00:00:00 GMT-0500 (Central Daylight Time)","Virgo","21-24","Bachelors","64110","Black / African American","Woman","Lesbian","Science / Research","Technical / Engineer / Developer","Yes — less than 3 months","Jacob","1","Hiking/Outdoors, Travel, Volunteering","Hiking/Outdoors","Travel","Volunteering","(N/A)","Burial in the sky","TGIF - GloRilla","Home/Kitchen","Distracted","5","SpiritLoom_948","SL_948","1","","",""
"Thu Oct 16 2025 18:06:49 GMT-0500 (Central Daylight Time)","Wed Sep 24 2025 00:00:00 GMT-0500 (Central Daylight Time)","Capricorn","25-29","High School","66118","White","Man","Straight / Heterosexual","Trades / Manufacturing","Sales / Marketing / Business Development","Yes — 3–5 years","Jacob","5","Photography, Sports (general), politics","Photography","Sports (general)","politics","(N/A)","311","Beautiful Disaster","Fashion/Clothing","Jealous","4","CarvedSmile_814","CS_814","1","","",""
"Thu Oct 16 2025 18:50:36 GMT-0500 (Central Daylight Time)","Sat Sep 27 2025 00:00:00 GMT-0500 (Central Daylight Time)","Capricorn","21-24","Masters & Above","64117","White","Woman","Lesbian","Science / Research","Researcher / Scientist","No","Do Not Know Them","1","Music, Reading, Hiking/Outdoors","Music","Reading","Hiking/Outdoors","Indie/Alt","Lucy Dacus","Nice Mover - Gina X Performance","Fashion/Clothing","Anxious","4","BoneOrchid_181","BO_181","5","","",""
"Thu Oct 16 2025 20:24:10 GMT-0500 (Central Daylight Time)","Wed Jun 18 2025 00:00:00 GMT-0500 (Central Daylight Time)","Gemini","25-29","Some College","66062","Mixed / Multiracial","Man","Straight / Heterosexual","Trades / Manufacturing","Trades / Skilled Labor","Yes — more than 10 years","Jacob","5","Music, Fitness, Gaming, Hiking/Outdoors, Art/Design","Music","Fitness","Gaming","Indie/Alt","Movements","Oui","Tech gadget","Insecure","4","UmbralFrost_298","UF_298","2","","",""
"Thu Oct 16 2025 20:52:00 GMT-0500 (Central Daylight Time)","Tue Jun 10 2025 00:00:00 GMT-0500 (Central Daylight Time)","Gemini","30-34","Bachelors","66103","White","Woman","Lesbian","Arts & Entertainment","Founder / Entrepreneur","Yes — 1–3 years","Equal","3","Cooking, Hiking/Outdoors, Travel","Cooking","Hiking/Outdoors","Travel","Rock","MGK (always)","Bloody Valentine","Course/App","Impulsive","3","ShadowThorn_402","ST_402","0","","",""
"Fri Oct 17 2025 13:28:57 GMT-0500 (Central Daylight Time)","Sat Sep 27 2025 00:00:00 GMT-0500 (Central Daylight Time)","Libra","21-24","Some College","64105","White","Man","Gay","Healthcare","Researcher / Scientist","Yes — 1–3 years","Jacob","4","Music, Fitness, Gaming","Music","Fitness","Gaming","Indie/Alt","Rainbow Kitten Surprise","CUNTISSIMO - MARINA","Tech gadget","Self-conscious","3","EmberWraith_910","EW_910","0","","",""
"Fri Oct 17 2025 14:24:06 GMT-0500 (Central Daylight Time)","Wed Jul 09 2025 00:00:00 GMT-0500 (Central Daylight Time)","Cancer","30-34","Bachelors","64109","White","Man","Gay","Hospitality / Retail","Manager / Supervisor","Yes — 3–12 months","Jacob","4","Music, Fitness, Hiking/Outdoors","Music","Fitness","Hiking/Outdoors","Pop","Lorde","What Was That- Lorde","Tech gadget","Insecure","5","CryptViolet_227","CV_227","0","","",""
"Fri Oct 17 2025 15:31:27 GMT-0500 (Central Daylight Time)","Wed Jan 22 2025 00:00:00 GMT-0600 (Central Standard Time)","Aquarius","25-29","Bachelors","66062","White","Man","Straight / Heterosexual","Science / Research","Technical / Engineer / Developer","Yes — 3–5 years","Jacob","2","Reading, Hiking/Outdoors, Art/Design","Reading","Hiking/Outdoors","Art/Design","(N/A)","Carbon Based Lifeforms","(N/A)","Car/Motorcycle","Insecure","2","GloomSparrow_318","GS_318","2","","",""
"Fri Oct 17 2025 15:37:05 GMT-0500 (Central Daylight Time)","Thu Jan 16 2025 00:00:00 GMT-0600 (Central Standard Time)","Capricorn","25-29","Some College","64109","White","Non-binary","Gay","Hospitality / Retail","Manager / Supervisor","No","(N/A)","(N/A)","Gaming, Cooking, Fashion","Gaming","Cooking","Fashion","Hip-hop","Paramore","Evacuate the dance floor","Home/Kitchen","Self-conscious","4","HollowSage_746","HS_746","0","","",""
"Fri Oct 17 2025 15:53:08 GMT-0500 (Central Daylight Time)","Sun Jun 22 2025 00:00:00 GMT-0500 (Central Daylight Time)","Cancer","25-29","Bachelors","64101","White","Man","Straight / Heterosexual","Arts & Entertainment","Creative / Designer / Artist","No","Jacob","1","Travel, Art/Design, Film / movies","Travel","Art/Design","Film / movies","Indie/Alt","animal collective","Year Zero (Ghost)","Home/Kitchen","Impulsive","2","CinderSpecter_204","CS_204","3","","",""
"Fri Oct 17 2025 19:37:04 GMT-0500 (Central Daylight Time)","Tue Apr 01 2025 00:00:00 GMT-0500 (Central Daylight Time)","Aries","30-34","Some College","64138","Not Listed","Man","Straight / Heterosexual","Trades / Manufacturing","Trades / Skilled Labor","Yes — 5–10 years","Jacob","3","Music, Gaming, Art/Design","Music","Gaming","Art/Design","(N/A)","Bad bunny","4K by el alfa","Tech gadget","Stubborn","5","LunarHowl_661","LH_661","1","","",""
"Sat Oct 18 2025 02:08:41 GMT-0500 (Central Daylight Time)","Fri Jan 03 2025 00:00:00 GMT-0600 (Central Standard Time)","Capricorn","55-65+","Masters & Above","64133","White","Woman","Straight / Heterosexual","Trades / Manufacturing","Creative / Designer / Artist","Yes — more than 10 years","Jacob","3","Music, Fitness, Cooking, Hiking/Outdoors, Photography, Fashion, Travel, Art/Design, Volunteering","Music","Fitness","Cooking","Country","Ocean Alley","Confidence","Fashion/Clothing","Overly critical","4","DuskOracle_157","DO_157","2","","",""
"Sat Oct 18 2025 09:38:15 GMT-0500 (Central Daylight Time)","Mon Sep 29 2025 00:00:00 GMT-0500 (Central Daylight Time)","Libra","25-29","High School","64133","White","Man","Gay","Government / Military","Operations / Admin / Support","No","Do Not Know Them","(N/A)","Music, Hiking/Outdoors, Sports (general)","Music","Hiking/Outdoors","Sports (general)","Electronic","Marten Horger","The freaks (marten Horger ft David guetta)","Fashion/Clothing","Stubborn","4","PhantomLoom_413","PL_413","5","","",""
"Sat Oct 18 2025 09:38:17 GMT-0500 (Central Daylight Time)","Sat Feb 22 2025 00:00:00 GMT-0600 (Central Standard Time)","Pisces","25-29","High School","64133","Black / African American","Man","Gay","Government / Military","Operations / Admin / Support","Yes — more than 10 years","Jacob","4","Music, Fitness, Gaming, Sports (general), Art/Design","Music","Fitness","Gaming","(N/A)","Sza","Get it sexxy","Car/Motorcycle","Anxious","4","RotBloom_277","RB_277","3","","",""
"Sat Oct 18 2025 12:27:59 GMT-0500 (Central Daylight Time)","Tue Sep 30 2025 00:00:00 GMT-0500 (Central Daylight Time)","Libra","30-34","Masters & Above","64130","Not Listed","Man","Gay","Finance / Business Services","Operations / Admin / Support","Yes — less than 3 months","Do Not Know Them","1","Music, Fitness, Sports (general)","Music","Fitness","Sports (general)","Pop","Dua Lipa","AAAHH MEN! - Doja","Fashion/Clothing","Impulsive","2","VelvetTalon_802","VT_802","5","","",""
"Sat Oct 18 2025 21:51:23 GMT-0500 (Central Daylight Time)","Sat May 10 2025 00:00:00 GMT-0500 (Central Daylight Time)","Taurus","25-29","Bachelors","64111","White","Woman","Queer","Hospitality / Retail","Sales / Marketing / Business Development","No","Do Not Know Them","(N/A)","Music, Fashion, Art/Design","Music","Fashion","Art/Design","Pop","Addison Rae","BEAT UP CHANEL$ by Slayyyter","Home/Kitchen","Stubborn","4","AshenSpecter_531","AS_531","5","","",""
"Sun Oct 19 2025 20:22:04 GMT-0500 (Central Daylight Time)","Wed Jan 22 2025 00:00:00 GMT-0600 (Central Standard Time)","Aquarius","25-29","Bachelors","66112","White","Non-binary","Lesbian","Hospitality / Retail","Operations / Admin / Support","Yes — 1–3 years","Jacob","1","Music, Hiking/Outdoors, Fashion, Travel, Art/Design","Music","Hiking/Outdoors","Fashion","(N/A)","Lucy Dacus","sanitized - katie gavin","Fashion/Clothing","Anxious","2","MoonFrost_620","MF_620","3","","",""
"Sun Oct 19 2025 21:14:13 GMT-0500 (Central Daylight Time)","Tue Dec 30 2025 00:00:00 GMT-0600 (Central Standard Time)","Capricorn","21-24","Some College","64507","White","Woman","Straight / Heterosexual","Healthcare","Student / Trainee","Yes — 3–12 months","Equal","1","Music, Cooking, Reading","Music","Cooking","Reading","Indie/Alt","Tame Impala","My Old Ways-Tame Impala","Fashion/Clothing","Guarded","4","TwilightVine_293","TV_293","0","","",""
"Mon Oct 20 2025 12:07:28 GMT-0500 (Central Daylight Time)","Tue Jan 14 2025 00:00:00 GMT-0600 (Central Standard Time)","Capricorn","21-24","Some College","64110","Mixed / Multiracial","Woman","Straight / Heterosexual","Trades / Manufacturing","Trades / Skilled Labor","Yes — 1–3 years","Jacob","3","Music, Reading, Fashion, Art/Design","Music","Reading","Fashion","Indie/Alt","Lola young and Goldie Boutilier","Girls by The Kid LAROI","Tech gadget","Guarded","5","BleakWhisper_899","BW_899","2","","",""
"Mon Oct 20 2025 15:29:44 GMT-0500 (Central Daylight Time)","Wed Sep 10 2025 00:00:00 GMT-0500 (Central Daylight Time)","Virgo","21-24","High School","66606","White","Man","Bisexual","Finance / Business Services","Sales / Marketing / Business Development","Yes — less than 3 months","Jacob","1","Music, Fitness, Gaming, Cooking, Hiking/Outdoors, Sports (general), Travel, Art/Design, Volunteering","Music","Fitness","Gaming","Indie/Alt","Somber","Heartbeat -Childish Gambino","Fashion/Clothing","Distracted","5","HollowThorn_515","HT_515","2","","",""
"Mon Oct 20 2025 21:02:03 GMT-0500 (Central Daylight Time)","Mon Jul 07 2025 00:00:00 GMT-0500 (Central Daylight Time)","Cancer","25-29","Masters & Above","64114","White","Man","Gay","Education","Operations / Admin / Support","No","Do Not Know Them","(N/A)","Music, Hiking/Outdoors, Travel, Volunteering","Music","Hiking/Outdoors","Travel","Pop","Ava Max","Kings & Queens","Tech gadget","Anxious","4","WraithLoom_777","WL_777","7","","",""
"Mon Oct 20 2025 23:09:52 GMT-0500 (Central Daylight Time)","Mon Apr 14 2025 00:00:00 GMT-0500 (Central Daylight Time)","Aries","25-29","Masters & Above","64114","White","Man","Gay","Healthcare","Student / Trainee","No","Do Not Know Them","(N/A)","Music, Hiking/Outdoors, Volunteering","Music","Hiking/Outdoors","Volunteering","Indie/Alt","Florence Welch","Everybody Scream","Tech gadget","Insecure","4","NocturneRose_188","NR_188","5","","",""
"Tue Oct 21 2025 12:42:18 GMT-0500 (Central Daylight Time)","Fri Sep 12 2025 00:00:00 GMT-0500 (Central Daylight Time)","Virgo","30-34","Associates","66208","White","Man","Gay","Hospitality / Retail","Trades / Skilled Labor","Yes — 5–10 years","Jacob","4","Music, Travel, Art/Design","Music","Travel","Art/Design","Electronic","Massive Attack","Holding Out For A Hero - Bonnie Tyler","Fashion/Clothing","Anxious","4","FeralGhast_412","FG_412","0","","",""
"Tue Oct 21 2025 12:44:54 GMT-0500 (Central Daylight Time)","Sun Mar 16 2025 00:00:00 GMT-0500 (Central Daylight Time)","Pisces","30-34","Bachelors","66203","White","Man","Straight / Heterosexual","Technology","Sales / Marketing / Business Development","Yes — more than 10 years","Jacob","3","Music, Gaming, Hiking/Outdoors","Music","Gaming","Hiking/Outdoors","Pop","Sugar Ray","Every Morning","Pet item","Insecure","3","BoneSpecter_663","BS_663","0","","",""
"Tue Oct 21 2025 13:04:15 GMT-0500 (Central Daylight Time)","Tue Sep 30 2025 00:00:00 GMT-0500 (Central Daylight Time)","Libra","25-29","Bachelors","64114","White","Man","Queer","Finance / Business Services","Sales / Marketing / Business Development","No","Equal","1","Music, Fitness, Gaming, Hiking/Outdoors, Travel, Art/Design","Music","Fitness","Gaming","(N/A)","Joni Mitchell","Folded kehlani","Fitness gear","Anxious","3","SinisterFog_933","SF_933","6","","",""
"Tue Oct 21 2025 13:28:06 GMT-0500 (Central Daylight Time)","(N/A)","Capricorn","30-34","Bachelors","64116","Mixed / Multiracial","Woman","Bisexual","Healthcare","Healthcare / Service Provider","Yes — more than 10 years","Equal","5","Sports (general), Travel, Art/Design","Sports (general)","Travel","Art/Design","Indie/Alt","Greentea Peng","Be honest x Jorja Smith","Home/Kitchen","Anxious","5","CandleMoth_209","CM_209","1","","",""
"Tue Oct 21 2025 13:38:47 GMT-0500 (Central Daylight Time)","Sat May 10 2025 00:00:00 GMT-0500 (Central Daylight Time)","Taurus","30-34","Masters & Above","66210","White","Man","Gay","Healthcare","Manager / Supervisor","Yes — 1–3 years","Jacob","3","Music, Fitness, Travel","Music","Fitness","Travel","Electronic","Dua Lipa","purr","Fashion/Clothing","Overly critical","5","IronGhoul_512","IG_512","0","","",""
"Tue Oct 21 2025 14:24:46 GMT-0500 (Central Daylight Time)","Sat Jan 25 2025 00:00:00 GMT-0600 (Central Standard Time)","Aquarius","25-29","Bachelors","64116","White","Man","Straight / Heterosexual","Government / Military","Operations / Admin / Support","Yes — 1–3 years","Equal","3","Cooking, Reading, Hiking/Outdoors, Sports (general), Travel","Cooking","Reading","Hiking/Outdoors","Indie/Alt","Glass Animals","Tangerine","Home/Kitchen","Anxious","2","SableViolet_706","SV_706","2","","",""
"Tue Oct 21 2025 14:39:27 GMT-0500 (Central Daylight Time)","Sat Mar 29 2025 00:00:00 GMT-0500 (Central Daylight Time)","Aries","30-34","Bachelors","64111","White","Woman","Queer","Science / Research","Technical / Engineer / Developer","Yes — 3–5 years","Equal","2","Music, Art/Design, Food (eating, not cooking)","Music","Art/Design","Food (eating","Indie/Alt","Tame Impala","Turn Me On - Kevin Lyttle","Tech gadget","Stubborn","4","LanternThorn_392","LT_392","2","","",""
"Tue Oct 21 2025 15:43:19 GMT-0500 (Central Daylight Time)","Mon Dec 15 2025 00:00:00 GMT-0600 (Central Standard Time)","Sagittarius","30-34","Masters & Above","64105","White","Man","Gay","Healthcare","Manager / Supervisor","Yes — 3–12 months","Jacob","2","Music, Cooking, Art/Design","Music","Cooking","Art/Design","Pop","(N/A)","(N/A)","Tech gadget","Anxious","4","GraveSparrow_480","GS_480","1","","",""
"Tue Oct 21 2025 15:57:49 GMT-0500 (Central Daylight Time)","Wed Jun 18 2025 00:00:00 GMT-0500 (Central Daylight Time)","Gemini","30-34","Bachelors","64109","Asian","Woman","Straight / Heterosexual","Healthcare","Healthcare / Service Provider","Yes — more than 10 years","Jacob","4","Cooking, Hiking/Outdoors, Travel","Cooking","Hiking/Outdoors","Travel","Electronic","(N/A)","(N/A)","Fashion/Clothing","Insecure","3","FrostVine_611","FV_611","1","","",""
"Tue Oct 21 2025 19:02:59 GMT-0500 (Central Daylight Time)","Mon Aug 18 2025 00:00:00 GMT-0500 (Central Daylight Time)","Leo","30-34","Some College","64108","White","Man","Gay","Hospitality / Retail","Manager / Supervisor","Yes — 5–10 years","Jacob","(N/A)","Fashion, Travel, Art/Design","Fashion","Travel","Art/Design","Electronic","(N/A)","(N/A)","Fashion/Clothing","Distracted","4","WidowWitch_789","WW_789","1","","",""
"Tue Oct 21 2025 19:38:01 GMT-0500 (Central Daylight Time)","Sat Jun 28 2025 00:00:00 GMT-0500 (Central Daylight Time)","Cancer","55-65+","Bachelors","64155","White","Woman","Straight / Heterosexual","Education","Educator / Instructor","Yes — more than 10 years","Jacob","4","Sports (general), Travel, Volunteering","Sports (general)","Travel","Volunteering","Rock","Adele","Hips Don’t Lie-Shakira","Home/Kitchen","Distracted","5","RottingSmile_554","RS_554","0","","",""
"Tue Oct 21 2025 20:17:45 GMT-0500 (Central Daylight Time)","Sun May 11 2025 00:00:00 GMT-0500 (Central Daylight Time)","Taurus","30-34","Bachelors","64152","White","Man","Gay","Finance / Business Services","Sales / Marketing / Business Development","Yes — 5–10 years","Michael","5","Fitness, Cooking, Travel","Fitness","Cooking","Travel","Pop","Madison Beer","Bittersweet","Home/Kitchen","Anxious","3","MarrowPetal_248","MP_248","0","","",""
"Tue Oct 21 2025 20:43:12 GMT-0500 (Central Daylight Time)","Mon Jul 21 2025 00:00:00 GMT-0500 (Central Daylight Time)","Cancer","25-29","Some College","32163","Mixed / Multiracial","Man","Queer","Hospitality / Retail","Sales / Marketing / Business Development","Yes — more than 10 years","Jacob","5","Music, Gaming, Cooking","Music","Gaming","Cooking","Hip-hop","Sza","One thing lola young","Fashion/Clothing","Anxious","4","ObsidianThorn_704","OT_704","0","","",""
"Tue Oct 21 2025 20:57:16 GMT-0500 (Central Daylight Time)","Sat May 17 2025 00:00:00 GMT-0500 (Central Daylight Time)","Taurus","30-34","Bachelors","66103","White","Woman","Queer","Hospitality / Retail","Creative / Designer / Artist","Yes — 1–3 years","Equal","3","Music, Cooking, Fashion, Art/Design, Pop Culture","Music","Cooking","Fashion","Pop","Blondie","(N/A)","Home/Kitchen","Overly critical","3","GloomChime_334","GC_334","3","","",""
"Tue Oct 21 2025 21:29:58 GMT-0500 (Central Daylight Time)","Fri Dec 05 2025 00:00:00 GMT-0600 (Central Standard Time)","Sagittarius","35-44","Bachelors","66103","White","Man","Straight / Heterosexual","Finance / Business Services","Manager / Supervisor","Yes — 3–5 years","(N/A)","(N/A)","Self realization & Occult; Fast cars and knives; Rock and Roll baby!","Self realization & Occult; Fast cars and knives; Rock and Roll baby!","(N/A)","(N/A)","(N/A)","(N/A)","L.A. Woman by The Doors","Tech gadget","Impulsive","3","HallowRose_911","HR_911","1","","",""
"Tue Oct 21 2025 21:31:33 GMT-0500 (Central Daylight Time)","Fri Aug 22 2025 00:00:00 GMT-0500 (Central Daylight Time)","Leo","30-34","Bachelors","64138","White","Woman","Pansexual","Arts & Entertainment","Creative / Designer / Artist","Yes — 3–5 years","Equal","3","Cooking, Travel, Dancing","Cooking","Travel","Dancing","(N/A)","Noga Erez","Nails - Noga Erez","Car/Motorcycle","Impulsive","5","Duskwillow_648","DW_648","1","","",""
"Tue Oct 21 2025 22:08:12 GMT-0500 (Central Daylight Time)","Sat Apr 05 2025 00:00:00 GMT-0500 (Central Daylight Time)","Aries","21-24","Some College","64108","White","Man","Gay","Arts & Entertainment","Sales / Marketing / Business Development","Yes — 1–3 years","Jacob","1","Music, Cooking, Art/Design","Music","Cooking","Art/Design","(N/A)","Kaytranada","Dracula - Tame Impala","Home/Kitchen","Anxious","4","CinderLace_391","CL_391","1","","",""
"Wed Oct 22 2025 00:07:39 GMT-0500 (Central Daylight Time)","Thu Dec 25 2025 00:00:00 GMT-0600 (Central Standard Time)","Capricorn","21-24","Associates","64093","White","Man","Gay","Hospitality / Retail","Creative / Designer / Artist","Yes — 1–3 years","Jacob","1","Hiking/Outdoors, Fashion, Travel, Art/Design","Hiking/Outdoors","Fashion","Travel","Pop","Charli XCX","everything is romantic","Fashion/Clothing","Anxious","4","CryptMoon_537","CM_537","2","","",""
"Wed Oct 22 2025 02:33:47 GMT-0500 (Central Daylight Time)","Mon Oct 27 2025 00:00:00 GMT-0500 (Central Daylight Time)","Scorpio","30-34","Bachelors","64111","White","Woman","Lesbian","Arts & Entertainment","Creative / Designer / Artist","Yes — 1–3 years","Equal","3","Music, Hiking/Outdoors, Art/Design","Music","Hiking/Outdoors","Art/Design","Indie/Alt","Fred Again","Victory Lap by Fred Again","Course/App","Impulsive","4","WickedCrow_801","WC_801","0","","",""
"Wed Oct 22 2025 08:12:52 GMT-0500 (Central Daylight Time)","Mon Feb 10 2025 00:00:00 GMT-0600 (Central Standard Time)","Aquarius","55-65+","Masters & Above","66208","White","Woman","Straight / Heterosexual","Healthcare","Researcher / Scientist","Yes — 3–5 years","Jacob","4","Fitness, Hiking/Outdoors, Travel","Fitness","Hiking/Outdoors","Travel","Rock","Bruno Mars","Anything Bruno!","Car/Motorcycle","Self-conscious","2","TwilightWitch_220","TW_220","0","","",""
"Wed Oct 22 2025 10:45:59 GMT-0500 (Central Daylight Time)","Sat Dec 20 2025 00:00:00 GMT-0600 (Central Standard Time)","Sagittarius","25-29","Bachelors","64108","White","Man","Gay","Trades / Manufacturing","Creative / Designer / Artist","Yes — 3–12 months","Jacob","3","Hiking/Outdoors, Travel, Art/Design","Hiking/Outdoors","Travel","Art/Design","R&B","Ella Mai","Boo’d up","Car/Motorcycle","Impulsive","4","EmberBloom_339","EB_339","0","","",""
"Wed Oct 22 2025 10:56:36 GMT-0500 (Central Daylight Time)","Wed Jul 23 2025 00:00:00 GMT-0500 (Central Daylight Time)","Leo","25-29","Bachelors","64105","White","Man","Gay","Arts & Entertainment","Creative / Designer / Artist","Yes — 3–12 months","Jacob","3","Fitness, Photography, Art/Design","Fitness","Photography","Art/Design","Pop","Adele","Thriller","Fashion/Clothing","Impulsive","5","ShadowCrow_725","SC_725","0","","",""
"Wed Oct 22 2025 11:14:25 GMT-0500 (Central Daylight Time)","Wed Sep 03 2025 00:00:00 GMT-0500 (Central Daylight Time)","Virgo","25-29","Bachelors","64109","White","Non-binary","Gay","Hospitality / Retail","Manager / Supervisor","Yes — 3–12 months","Jacob","1","Music, Gaming, Fashion","Music","Gaming","Fashion","Pop","Ariana Grande","break up with your girlfriend, I’m bored","Fashion/Clothing","Overly critical","3","NocturneFrost_405","NF_405","0","","",""
"Wed Oct 22 2025 12:41:10 GMT-0500 (Central Daylight Time)","Tue Feb 25 2025 00:00:00 GMT-0600 (Central Standard Time)","Pisces","25-29","Associates","64114","Black / African American","Woman","Bisexual","Trades / Manufacturing","Trades / Skilled Labor","Yes — 5–10 years","Michael","3","Music, Cooking, Fashion","Music","Cooking","Fashion","Pop","Lady Gaga","Cunt-flyana boss","Fashion/Clothing","Impulsive","4","HollowRaven_367","HR_367","0","","",""
"","(N/A)","(N/A)","(N/A)","(N/A)","(N/A)","(N/A)","(N/A)","(N/A)","(N/A)","(N/A)","(N/A)","(N/A)","(N/A)","(N/A)","(N/A)","(N/A)","(N/A)","(N/A)","(N/A)","(N/A)","(N/A)","(N/A)","(N/A)","GraveIris_291","GI_291","2","","",""
"","(N/A)","(N/A)","(N/A)","(N/A)","(N/A)","(N/A)","(N/A)","(N/A)","(N/A)","(N/A)","(N/A)","(N/A)","(N/A)","(N/A)","(N/A)","(N/A)","(N/A)","(N/A)","(N/A)","(N/A)","(N/A)","(N/A)","(N/A)","SpiritThorn_518","ST_518","2","","",""
"","(N/A)","(N/A)","(N/A)","(N/A)","(N/A)","(N/A)","(N/A)","(N/A)","(N/A)","(N/A)","(N/A)","(N/A)","(N/A)","(N/A)","(N/A)","(N/A)","(N/A)","(N/A)","(N/A)","(N/A)","(N/A)","(N/A)","(N/A)","LilithShade_732","LS_732","2","","",""
"","(N/A)","(N/A)","(N/A)","(N/A)","(N/A)","(N/A)","(N/A)","(N/A)","(N/A)","(N/A)","(N/A)","(N/A)","(N/A)","(N/A)","(N/A)","(N/A)","(N/A)","(N/A)","(N/A)","(N/A)","(N/A)","(N/A)","(N/A)","RavenMoth_821","RM_821","2","","",""
"","(N/A)","(N/A)","(N/A)","(N/A)","(N/A)","(N/A)","(N/A)","(N/A)","(N/A)","(N/A)","(N/A)","(N/A)","(N/A)","(N/A)","(N/A)","(N/A)","(N/A)","(N/A)","(N/A)","(N/A)","(N/A)","(N/A)","(N/A)","FeralLantern_266","FL_266","2","","",""
"","(N/A)","(N/A)","(N/A)","(N/A)","(N/A)","(N/A)","(N/A)","(N/A)","(N/A)","(N/A)","(N/A)","(N/A)","(N/A)","(N/A)","(N/A)","(N/A)","(N/A)","(N/A)","(N/A)","(N/A)","(N/A)","(N/A)","(N/A)","SinisterRose_903","SR_903","2","","",""
"","(N/A)","(N/A)","(N/A)","(N/A)","(N/A)","(N/A)","(N/A)","(N/A)","(N/A)","(N/A)","(N/A)","(N/A)","(N/A)","(N/A)","(N/A)","(N/A)","(N/A)","(N/A)","(N/A)","(N/A)","(N/A)","(N/A)","(N/A)","IronVine_319","IV_319","2","","",""
"","(N/A)","(N/A)","(N/A)","(N/A)","(N/A)","(N/A)","(N/A)","(N/A)","(N/A)","(N/A)","(N/A)","(N/A)","(N/A)","(N/A)","(N/A)","(N/A)","(N/A)","(N/A)","(N/A)","(N/A)","(N/A)","(N/A)","(N/A)","PhantomMist_707","PM_707","2","","",""
"","(N/A)","(N/A)","(N/A)","(N/A)","(N/A)","(N/A)","(N/A)","(N/A)","(N/A)","(N/A)","(N/A)","(N/A)","(N/A)","(N/A)","(N/A)","(N/A)","(N/A)","(N/A)","(N/A)","(N/A)","(N/A)","(N/A)","(N/A)","EchoWitch_412","EW_412","2","","",""
"","(N/A)","(N/A)","(N/A)","(N/A)","(N/A)","(N/A)","(N/A)","(N/A)","(N/A)","(N/A)","(N/A)","(N/A)","(N/A)","(N/A)","(N/A)","(N/A)","(N/A)","(N/A)","(N/A)","(N/A)","(N/A)","(N/A)","(N/A)","AshenBloom_618","AB_618","2","","",""
"","(N/A)","(N/A)","(N/A)","(N/A)","(N/A)","(N/A)","(N/A)","(N/A)","(N/A)","(N/A)","(N/A)","(N/A)","(N/A)","(N/A)","(N/A)","(N/A)","(N/A)","(N/A)","(N/A)","(N/A)","(N/A)","(N/A)","(N/A)","RottenCandle_501","RC_501","2","","",""
"","(N/A)","(N/A)","(N/A)","(N/A)","(N/A)","(N/A)","(N/A)","(N/A)","(N/A)","(N/A)","(N/A)","(N/A)","(N/A)","(N/A)","(N/A)","(N/A)","(N/A)","(N/A)","(N/A)","(N/A)","(N/A)","(N/A)","(N/A)","TwilightThorn_883","TT_883","2","","",""
"","(N/A)","(N/A)","(N/A)","(N/A)","(N/A)","(N/A)","(N/A)","(N/A)","(N/A)","(N/A)","(N/A)","(N/A)","(N/A)","(N/A)","(N/A)","(N/A)","(N/A)","(N/A)","(N/A)","(N/A)","(N/A)","(N/A)","(N/A)","LanternWraith_699","LW_699","2","","",""
"","(N/A)","(N/A)","(N/A)","(N/A)","(N/A)","(N/A)","(N/A)","(N/A)","(N/A)","(N/A)","(N/A)","(N/A)","(N/A)","(N/A)","(N/A)","(N/A)","(N/A)","(N/A)","(N/A)","(N/A)","(N/A)","(N/A)","(N/A)","MoonLace_233","ML_233","2","","",""
"","(N/A)","(N/A)","(N/A)","(N/A)","(N/A)","(N/A)","(N/A)","(N/A)","(N/A)","(N/A)","(N/A)","(N/A)","(N/A)","(N/A)","(N/A)","(N/A)","(N/A)","(N/A)","(N/A)","(N/A)","(N/A)","(N/A)","(N/A)","DreadPetal_659","DP_659","2","","",""
"","(N/A)","(N/A)","(N/A)","(N/A)","(N/A)","(N/A)","(N/A)","(N/A)","(N/A)","(N/A)","(N/A)","(N/A)","(N/A)","(N/A)","(N/A)","(N/A)","(N/A)","(N/A)","(N/A)","(N/A)","(N/A)","(N/A)","(N/A)","CandleWitch_354","CW_354","2","","",""
"","(N/A)","(N/A)","(N/A)","(N/A)","(N/A)","(N/A)","(N/A)","(N/A)","(N/A)","(N/A)","(N/A)","(N/A)","(N/A)","(N/A)","(N/A)","(N/A)","(N/A)","(N/A)","(N/A)","(N/A)","(N/A)","(N/A)","(N/A)","MourningBell_577","MB_577","2","","",""
"","(N/A)","(N/A)","(N/A)","(N/A)","(N/A)","(N/A)","(N/A)","(N/A)","(N/A)","(N/A)","(N/A)","(N/A)","(N/A)","(N/A)","(N/A)","(N/A)","(N/A)","(N/A)","(N/A)","(N/A)","(N/A)","(N/A)","(N/A)","VoidRaven_942","VR_942","2","","",""
"","(N/A)","(N/A)","(N/A)","(N/A)","(N/A)","(N/A)","(N/A)","(N/A)","(N/A)","(N/A)","(N/A)","(N/A)","(N/A)","(N/A)","(N/A)","(N/A)","(N/A)","(N/A)","(N/A)","(N/A)","(N/A)","(N/A)","(N/A)","SableTomb_362","ST_362","2","","",""
"","(N/A)","(N/A)","(N/A)","(N/A)","(N/A)","(N/A)","(N/A)","(N/A)","(N/A)","(N/A)","(N/A)","(N/A)","(N/A)","(N/A)","(N/A)","(N/A)","(N/A)","(N/A)","(N/A)","(N/A)","(N/A)","(N/A)","(N/A)","AshenWing_692","AW_692","2","","",""
"","(N/A)","(N/A)","(N/A)","(N/A)","(N/A)","(N/A)","(N/A)","(N/A)","(N/A)","(N/A)","(N/A)","(N/A)","(N/A)","(N/A)","(N/A)","(N/A)","(N/A)","(N/A)","(N/A)","(N/A)","(N/A)","(N/A)","(N/A)","RavenCasket_583","RC_583","2","","",""
"","(N/A)","(N/A)","(N/A)","(N/A)","(N/A)","(N/A)","(N/A)","(N/A)","(N/A)","(N/A)","(N/A)","(N/A)","(N/A)","(N/A)","(N/A)","(N/A)","(N/A)","(N/A)","(N/A)","(N/A)","(N/A)","(N/A)","(N/A)","EmberFog_247","EF_247","2","","",""
"","(N/A)","(N/A)","(N/A)","(N/A)","(N/A)","(N/A)","(N/A)","(N/A)","(N/A)","(N/A)","(N/A)","(N/A)","(N/A)","(N/A)","(N/A)","(N/A)","(N/A)","(N/A)","(N/A)","(N/A)","(N/A)","(N/A)","(N/A)","WraithLace_998","WL_998","2","","",""
"","(N/A)","(N/A)","(N/A)","(N/A)","(N/A)","(N/A)","(N/A)","(N/A)","(N/A)","(N/A)","(N/A)","(N/A)","(N/A)","(N/A)","(N/A)","(N/A)","(N/A)","(N/A)","(N/A)","(N/A)","(N/A)","(N/A)","(N/A)","DuskCoven_464","DC_464","2","","",""
"","(N/A)","(N/A)","(N/A)","(N/A)","(N/A)","(N/A)","(N/A)","(N/A)","(N/A)","(N/A)","(N/A)","(N/A)","(N/A)","(N/A)","(N/A)","(N/A)","(N/A)","(N/A)","(N/A)","(N/A)","(N/A)","(N/A)","(N/A)","ShadowSpindle_210","SS_210","2","","",""
"","(N/A)","(N/A)","(N/A)","(N/A)","(N/A)","(N/A)","(N/A)","(N/A)","(N/A)","(N/A)","(N/A)","(N/A)","(N/A)","(N/A)","(N/A)","(N/A)","(N/A)","(N/A)","(N/A)","(N/A)","(N/A)","(N/A)","(N/A)","LilithThorn_390","LT_390","2","","",""
"","(N/A)","(N/A)","(N/A)","(N/A)","(N/A)","(N/A)","(N/A)","(N/A)","(N/A)","(N/A)","(N/A)","(N/A)","(N/A)","(N/A)","(N/A)","(N/A)","(N/A)","(N/A)","(N/A)","(N/A)","(N/A)","(N/A)","(N/A)","NocturneLoom_714","NL_714","2","","",""
"","(N/A)","(N/A)","(N/A)","(N/A)","(N/A)","(N/A)","(N/A)","(N/A)","(N/A)","(N/A)","(N/A)","(N/A)","(N/A)","(N/A)","(N/A)","(N/A)","(N/A)","(N/A)","(N/A)","(N/A)","(N/A)","(N/A)","(N/A)","VexedCandle_535","VC_535","2","","",""
"","(N/A)","(N/A)","(N/A)","(N/A)","(N/A)","(N/A)","(N/A)","(N/A)","(N/A)","(N/A)","(N/A)","(N/A)","(N/A)","(N/A)","(N/A)","(N/A)","(N/A)","(N/A)","(N/A)","(N/A)","(N/A)","(N/A)","(N/A)","BoneHollow_133","BH_133","2","","",""
"","(N/A)","(N/A)","(N/A)","(N/A)","(N/A)","(N/A)","(N/A)","(N/A)","(N/A)","(N/A)","(N/A)","(N/A)","(N/A)","(N/A)","(N/A)","(N/A)","(N/A)","(N/A)","(N/A)","(N/A)","(N/A)","(N/A)","(N/A)","PhantomLace_800","PL_800","2","","",""
"","(N/A)","(N/A)","(N/A)","(N/A)","(N/A)","(N/A)","(N/A)","(N/A)","(N/A)","(N/A)","(N/A)","(N/A)","(N/A)","(N/A)","(N/A)","(N/A)","(N/A)","(N/A)","(N/A)","(N/A)","(N/A)","(N/A)","(N/A)","FrostVeil_286","FV_286","2","","",""
"","(N/A)","(N/A)","(N/A)","(N/A)","(N/A)","(N/A)","(N/A)","(N/A)","(N/A)","(N/A)","(N/A)","(N/A)","(N/A)","(N/A)","(N/A)","(N/A)","(N/A)","(N/A)","(N/A)","(N/A)","(N/A)","(N/A)","(N/A)","MourningVine_914","MV_914","2","","",""
"","(N/A)","(N/A)","(N/A)","(N/A)","(N/A)","(N/A)","(N/A)","(N/A)","(N/A)","(N/A)","(N/A)","(N/A)","(N/A)","(N/A)","(N/A)","(N/A)","(N/A)","(N/A)","(N/A)","(N/A)","(N/A)","(N/A)","(N/A)","LanternThorn_372","LT_372","2","","",""
"","(N/A)","(N/A)","(N/A)","(N/A)","(N/A)","(N/A)","(N/A)","(N/A)","(N/A)","(N/A)","(N/A)","(N/A)","(N/A)","(N/A)","(N/A)","(N/A)","(N/A)","(N/A)","(N/A)","(N/A)","(N/A)","(N/A)","(N/A)","HollowMuse_660","HM_660","2","","",""
"","(N/A)","(N/A)","(N/A)","(N/A)","(N/A)","(N/A)","(N/A)","(N/A)","(N/A)","(N/A)","(N/A)","(N/A)","(N/A)","(N/A)","(N/A)","(N/A)","(N/A)","(N/A)","(N/A)","(N/A)","(N/A)","(N/A)","(N/A)","BleakPetal_481","BP_481","2","","",""
"","(N/A)","(N/A)","(N/A)","(N/A)","(N/A)","(N/A)","(N/A)","(N/A)","(N/A)","(N/A)","(N/A)","(N/A)","(N/A)","(N/A)","(N/A)","(N/A)","(N/A)","(N/A)","(N/A)","(N/A)","(N/A)","(N/A)","(N/A)","DreadWillow_235","DW_235","2","","",""
"","(N/A)","(N/A)","(N/A)","(N/A)","(N/A)","(N/A)","(N/A)","(N/A)","(N/A)","(N/A)","(N/A)","(N/A)","(N/A)","(N/A)","(N/A)","(N/A)","(N/A)","(N/A)","(N/A)","(N/A)","(N/A)","(N/A)","(N/A)","AshenSeraph_712","AS_712","2","","",""
"","(N/A)","(N/A)","(N/A)","(N/A)","(N/A)","(N/A)","(N/A)","(N/A)","(N/A)","(N/A)","(N/A)","(N/A)","(N/A)","(N/A)","(N/A)","(N/A)","(N/A)","(N/A)","(N/A)","(N/A)","(N/A)","(N/A)","(N/A)","VelvetHowl_928","VH_928","2","","",""
"","(N/A)","(N/A)","(N/A)","(N/A)","(N/A)","(N/A)","(N/A)","(N/A)","(N/A)","(N/A)","(N/A)","(N/A)","(N/A)","(N/A)","(N/A)","(N/A)","(N/A)","(N/A)","(N/A)","(N/A)","(N/A)","(N/A)","(N/A)","WhisperMoth_392","WM_392","2","","",""
"","(N/A)","(N/A)","(N/A)","(N/A)","(N/A)","(N/A)","(N/A)","(N/A)","(N/A)","(N/A)","(N/A)","(N/A)","(N/A)","(N/A)","(N/A)","(N/A)","(N/A)","(N/A)","(N/A)","(N/A)","(N/A)","(N/A)","(N/A)","TwilightBriar_550","TB_550","2","","",""
"","(N/A)","(N/A)","(N/A)","(N/A)","(N/A)","(N/A)","(N/A)","(N/A)","(N/A)","(N/A)","(N/A)","(N/A)","(N/A)","(N/A)","(N/A)","(N/A)","(N/A)","(N/A)","(N/A)","(N/A)","(N/A)","(N/A)","(N/A)","ShadowWaltz_878","SW_878","2","","",""
"","(N/A)","(N/A)","(N/A)","(N/A)","(N/A)","(N/A)","(N/A)","(N/A)","(N/A)","(N/A)","(N/A)","(N/A)","(N/A)","(N/A)","(N/A)","(N/A)","(N/A)","(N/A)","(N/A)","(N/A)","(N/A)","(N/A)","(N/A)","CravenMoon_223","CM_223","2","","",""
"","(N/A)","(N/A)","(N/A)","(N/A)","(N/A)","(N/A)","(N/A)","(N/A)","(N/A)","(N/A)","(N/A)","(N/A)","(N/A)","(N/A)","(N/A)","(N/A)","(N/A)","(N/A)","(N/A)","(N/A)","(N/A)","(N/A)","(N/A)","GhostIvy_907","GI_907","2","","",""
"","(N/A)","(N/A)","(N/A)","(N/A)","(N/A)","(N/A)","(N/A)","(N/A)","(N/A)","(N/A)","(N/A)","(N/A)","(N/A)","(N/A)","(N/A)","(N/A)","(N/A)","(N/A)","(N/A)","(N/A)","(N/A)","(N/A)","(N/A)","MarrowLantern_119","ML_119","2","","",""
"","(N/A)","(N/A)","(N/A)","(N/A)","(N/A)","(N/A)","(N/A)","(N/A)","(N/A)","(N/A)","(N/A)","(N/A)","(N/A)","(N/A)","(N/A)","(N/A)","(N/A)","(N/A)","(N/A)","(N/A)","(N/A)","(N/A)","(N/A)","EbonRose_742","ER_742","2","","",""
"","(N/A)","(N/A)","(N/A)","(N/A)","(N/A)","(N/A)","(N/A)","(N/A)","(N/A)","(N/A)","(N/A)","(N/A)","(N/A)","(N/A)","(N/A)","(N/A)","(N/A)","(N/A)","(N/A)","(N/A)","(N/A)","(N/A)","(N/A)","RotSpecter_605","RS_605","2","","",""
"","(N/A)","(N/A)","(N/A)","(N/A)","(N/A)","(N/A)","(N/A)","(N/A)","(N/A)","(N/A)","(N/A)","(N/A)","(N/A)","(N/A)","(N/A)","(N/A)","(N/A)","(N/A)","(N/A)","(N/A)","(N/A)","(N/A)","(N/A)","LunarJack_354","LJ_354","2","","",""
"","(N/A)","(N/A)","(N/A)","(N/A)","(N/A)","(N/A)","(N/A)","(N/A)","(N/A)","(N/A)","(N/A)","(N/A)","(N/A)","(N/A)","(N/A)","(N/A)","(N/A)","(N/A)","(N/A)","(N/A)","(N/A)","(N/A)","(N/A)","PaleOracle_277","PO_277","2","","",""
"","(N/A)","(N/A)","(N/A)","(N/A)","(N/A)","(N/A)","(N/A)","(N/A)","(N/A)","(N/A)","(N/A)","(N/A)","(N/A)","(N/A)","(N/A)","(N/A)","(N/A)","(N/A)","(N/A)","(N/A)","(N/A)","(N/A)","(N/A)","HollowBloom_886","HB_886","2","","",""
"","(N/A)","(N/A)","(N/A)","(N/A)","(N/A)","(N/A)","(N/A)","(N/A)","(N/A)","(N/A)","(N/A)","(N/A)","(N/A)","(N/A)","(N/A)","(N/A)","(N/A)","(N/A)","(N/A)","(N/A)","(N/A)","(N/A)","(N/A)","Duskmire_874","DM_874","2","","",""
"","(N/A)","(N/A)","(N/A)","(N/A)","(N/A)","(N/A)","(N/A)","(N/A)","(N/A)","(N/A)","(N/A)","(N/A)","(N/A)","(N/A)","(N/A)","(N/A)","(N/A)","(N/A)","(N/A)","(N/A)","(N/A)","(N/A)","(N/A)","LanternFox_333","LF_333","2","","",""
"","(N/A)","(N/A)","(N/A)","(N/A)","(N/A)","(N/A)","(N/A)","(N/A)","(N/A)","(N/A)","(N/A)","(N/A)","(N/A)","(N/A)","(N/A)","(N/A)","(N/A)","(N/A)","(N/A)","(N/A)","(N/A)","(N/A)","(N/A)","WintersGrin_915","WG_915","2","","",""
"","(N/A)","(N/A)","(N/A)","(N/A)","(N/A)","(N/A)","(N/A)","(N/A)","(N/A)","(N/A)","(N/A)","(N/A)","(N/A)","(N/A)","(N/A)","(N/A)","(N/A)","(N/A)","(N/A)","(N/A)","(N/A)","(N/A)","(N/A)","IvorySpecter_462","IS_462","2","","",""
"","(N/A)","(N/A)","(N/A)","(N/A)","(N/A)","(N/A)","(N/A)","(N/A)","(N/A)","(N/A)","(N/A)","(N/A)","(N/A)","(N/A)","(N/A)","(N/A)","(N/A)","(N/A)","(N/A)","(N/A)","(N/A)","(N/A)","(N/A)","MourningElm_842","ME_842","2","","",""
"","(N/A)","(N/A)","(N/A)","(N/A)","(N/A)","(N/A)","(N/A)","(N/A)","(N/A)","(N/A)","(N/A)","(N/A)","(N/A)","(N/A)","(N/A)","(N/A)","(N/A)","(N/A)","(N/A)","(N/A)","(N/A)","(N/A)","(N/A)","VelvetWraith_331","VW_331","2","","",""
"","(N/A)","(N/A)","(N/A)","(N/A)","(N/A)","(N/A)","(N/A)","(N/A)","(N/A)","(N/A)","(N/A)","(N/A)","(N/A)","(N/A)","(N/A)","(N/A)","(N/A)","(N/A)","(N/A)","(N/A)","(N/A)","(N/A)","(N/A)","HollowThistle_902","HT_902","2","","",""
"","(N/A)","(N/A)","(N/A)","(N/A)","(N/A)","(N/A)","(N/A)","(N/A)","(N/A)","(N/A)","(N/A)","(N/A)","(N/A)","(N/A)","(N/A)","(N/A)","(N/A)","(N/A)","(N/A)","(N/A)","(N/A)","(N/A)","(N/A)","GraveWisp_440","GW_440","2","","",""
"","(N/A)","(N/A)","(N/A)","(N/A)","(N/A)","(N/A)","(N/A)","(N/A)","(N/A)","(N/A)","(N/A)","(N/A)","(N/A)","(N/A)","(N/A)","(N/A)","(N/A)","(N/A)","(N/A)","(N/A)","(N/A)","(N/A)","(N/A)","CryptHollow_279","CH_279","2","","",""
"","(N/A)","(N/A)","(N/A)","(N/A)","(N/A)","(N/A)","(N/A)","(N/A)","(N/A)","(N/A)","(N/A)","(N/A)","(N/A)","(N/A)","(N/A)","(N/A)","(N/A)","(N/A)","(N/A)","(N/A)","(N/A)","(N/A)","(N/A)","PaleChalice_813","PC_813","2","","",""
"","(N/A)","(N/A)","(N/A)","(N/A)","(N/A)","(N/A)","(N/A)","(N/A)","(N/A)","(N/A)","(N/A)","(N/A)","(N/A)","(N/A)","(N/A)","(N/A)","(N/A)","(N/A)","(N/A)","(N/A)","(N/A)","(N/A)","(N/A)","NightSable_522","NS_522","2","","",""
"","(N/A)","(N/A)","(N/A)","(N/A)","(N/A)","(N/A)","(N/A)","(N/A)","(N/A)","(N/A)","(N/A)","(N/A)","(N/A)","(N/A)","(N/A)","(N/A)","(N/A)","(N/A)","(N/A)","(N/A)","(N/A)","(N/A)","(N/A)","FrostMurmur_437","FM_437","2","","",""
"","(N/A)","(N/A)","(N/A)","(N/A)","(N/A)","(N/A)","(N/A)","(N/A)","(N/A)","(N/A)","(N/A)","(N/A)","(N/A)","(N/A)","(N/A)","(N/A)","(N/A)","(N/A)","(N/A)","(N/A)","(N/A)","(N/A)","(N/A)","GloomJack_698","GJ_698","2","","",""
"","(N/A)","(N/A)","(N/A)","(N/A)","(N/A)","(N/A)","(N/A)","(N/A)","(N/A)","(N/A)","(N/A)","(N/A)","(N/A)","(N/A)","(N/A)","(N/A)","(N/A)","(N/A)","(N/A)","(N/A)","(N/A)","(N/A)","(N/A)","LanternHag_190","LH_190","2","","",""
"","(N/A)","(N/A)","(N/A)","(N/A)","(N/A)","(N/A)","(N/A)","(N/A)","(N/A)","(N/A)","(N/A)","(N/A)","(N/A)","(N/A)","(N/A)","(N/A)","(N/A)","(N/A)","(N/A)","(N/A)","(N/A)","(N/A)","(N/A)","WhisperRaven_354","WR_354","2","","",""